Price,Currency,Location,Rooms,Area,Floor
140 000,AZN,İnşaatçılar m.,2 otaqlı,50 m²,4/5 mərtəbə
414 000,AZN,Gənclik m.,3 otaqlı,140.8 m²,15/17 mərtəbə
235 000,AZN,28 May m.,3 otaqlı,70 m²,6/6 mərtəbə
335 000,AZN,Nəsimi r.,3 otaqlı,150 m²,4/17 mərtəbə
159 000,AZN,Həzi Aslanov m.,2 otaqlı,76 m²,11/16 mərtəbə
125 000,AZN,Gənclik m.,2 otaqlı,35 m²,5/5 mərtəbə
295 000,AZN,Nizami m.,3 otaqlı,115 m²,14/16 mərtəbə
650 000,AZN,28 May m.,3 otaqlı,106 m²,6/25 mərtəbə
285 000,AZN,Nəriman Nərimanov m.,3 otaqlı,90 m²,15/18 mərtəbə
118 000,AZN,Avtovağzal m.,2 otaqlı,68.5 m²,5/15 mərtəbə
218 000,AZN,Neftçilər m.,2 otaqlı,98.3 m²,12/18 mərtəbə
125 000,AZN,Bakıxanov q.,3 otaqlı,60 m²,2/5 mərtəbə
138 000,AZN,Avtovağzal m.,2 otaqlı,89.1 m²,9/16 mərtəbə
230 000,AZN,Şah İsmayıl Xətai m.,3 otaqlı,102 m²,15/24 mərtəbə
110 000,AZN,Masazır q.,3 otaqlı,90 m²,3/7 mərtəbə
204 000,AZN,Yasamal r.,3 otaqlı,90 m²,9/9 mərtəbə
166 000,AZN,Bakıxanov q.,3 otaqlı,91 m²,12/14 mərtəbə
420 000,AZN,Elmlər Akademiyası m.,3 otaqlı,119.1 m²,11/18 mərtəbə
1 200 000,AZN,Gənclik m.,5 otaqlı,300 m²,4/9 mərtəbə
179 000,AZN,20 Yanvar m.,2 otaqlı,70 m²,4/16 mərtəbə
130 000,AZN,Lökbatan q.,4 otaqlı,92 m²,4/5 mərtəbə
145 000,AZN,Bayıl q.,3 otaqlı,160 m²,6/6 mərtəbə
421 000,AZN,Nəsimi r.,4 otaqlı,171 m²,7/17 mərtəbə
225 000,AZN,Qaraçuxur q.,3 otaqlı,110 m²,12/14 mərtəbə
400 000,AZN,Nərimanov r.,3 otaqlı,145 m²,6/17 mərtəbə
218 000,AZN,Nəsimi r.,2 otaqlı,69 m²,18/22 mərtəbə
200 000,AZN,Həzi Aslanov m.,3 otaqlı,125 m²,18/19 mərtəbə
197 000,AZN,Nəsimi r.,2 otaqlı,66 m²,12/17 mərtəbə
140 948,AZN,20 Yanvar m.,2 otaqlı,66.8 m²,12/14 mərtəbə
159 000,AZN,Nizami m.,2 otaqlı,54 m²,5/14 mərtəbə
248 000,AZN,Memar Əcəmi m.,4 otaqlı,122.7 m²,9/11 mərtəbə
72 000,AZN,Masazır q.,2 otaqlı,60 m²,2/13 mərtəbə
93 000,AZN,Zabrat q.,4 otaqlı,112 m²,5/6 mərtəbə
185 000,AZN,Əhmədli m.,3 otaqlı,80 m²,2/9 mərtəbə
229 000,AZN,8 Noyabr m.,3 otaqlı,95 m²,14/16 mərtəbə
163 000,AZN,Memar Əcəmi m.,3 otaqlı,85 m²,8/9 mərtəbə
237 000,AZN,Nəsimi r.,2 otaqlı,68 m²,14/18 mərtəbə
89 000,AZN,Biləcəri q.,3 otaqlı,47 m²,4/5 mərtəbə
358 000,AZN,Nəsimi r.,3 otaqlı,126 m²,9/16 mərtəbə
270 000,AZN,Gənclik m.,3 otaqlı,90 m²,3/20 mərtəbə
374 000,AZN,Şah İsmayıl Xətai m.,3 otaqlı,143 m²,6/13 mərtəbə
165 000,AZN,Həzi Aslanov m.,3 otaqlı,75 m²,9/9 mərtəbə
135 000,AZN,20 Yanvar m.,3 otaqlı,45 m²,11/20 mərtəbə
249 000,AZN,Gənclik m.,2 otaqlı,80 m²,2/8 mərtəbə
249 900,AZN,Gənclik m.,3 otaqlı,90 m²,3/9 mərtəbə
319 000,AZN,İçəri Şəhər m.,3 otaqlı,120 m²,17/17 mərtəbə
2 450 000,AZN,Nəsimi r.,7 otaqlı,430 m²,2/16 mərtəbə
230 000,AZN,Gənclik m.,2 otaqlı,60 m²,12/16 mərtəbə
450 000,AZN,Şah İsmayıl Xətai m.,3 otaqlı,160 m²,12/18 mərtəbə
295 000,AZN,Nəriman Nərimanov m.,3 otaqlı,80 m²,15/17 mərtəbə
410 000,AZN,28 May m.,3 otaqlı,157 m²,7/12 mərtəbə
174 000,AZN,20 Yanvar m.,4 otaqlı,90 m²,7/9 mərtəbə
208 000,AZN,Memar Əcəmi m.,3 otaqlı,80 m²,2/13 mərtəbə
133 000,AZN,Əhmədli m.,2 otaqlı,74 m²,18/20 mərtəbə
148 000,AZN,Əhmədli m.,3 otaqlı,63 m²,5/9 mərtəbə
370 000,AZN,Elmlər Akademiyası m.,3 otaqlı,86 m²,5/18 mərtəbə
305 000,AZN,Gənclik m.,3 otaqlı,140 m²,10/16 mərtəbə
430 000,AZN,Nizami m.,3 otaqlı,174 m²,9/22 mərtəbə
239 000,AZN,8-ci mikrorayon q.,3 otaqlı,80 m²,6/10 mərtəbə
242 000,AZN,Xətai r.,3 otaqlı,102 m²,6/16 mərtəbə
392 000,AZN,Nəsimi r.,4 otaqlı,159 m²,11/17 mərtəbə
235 000,AZN,8 Noyabr m.,2 otaqlı,110 m²,7/18 mərtəbə
135 000,AZN,Həzi Aslanov m.,2 otaqlı,61 m²,20/20 mərtəbə
128 000,AZN,20 Yanvar m.,3 otaqlı,45 m²,5/5 mərtəbə
755 000,AZN,Elmlər Akademiyası m.,4 otaqlı,190 m²,7/18 mərtəbə
225 000,AZN,Şah İsmayıl Xətai m.,2 otaqlı,96 m²,6/21 mərtəbə
358 000,AZN,Nəsimi r.,3 otaqlı,126 m²,9/16 mərtəbə
495 000,AZN,Gənclik m.,3 otaqlı,165 m²,8/12 mərtəbə
155 000,AZN,Binəqədi r.,2 otaqlı,45.7 m²,4/5 mərtəbə
310 000,AZN,Azadlıq Prospekti m.,3 otaqlı,100 m²,9/16 mərtəbə
175 000,AZN,Əhmədli m.,3 otaqlı,100 m²,16/16 mərtəbə
475 000,AZN,Nizami m.,4 otaqlı,178 m²,12/16 mərtəbə
205 000,AZN,Gənclik m.,2 otaqlı,52 m²,4/16 mərtəbə
220 000,AZN,Əhmədli m.,4 otaqlı,120 m²,9/16 mərtəbə
97 000,AZN,Xalqlar Dostluğu m.,2 otaqlı,35 m²,3/5 mərtəbə
320 000,AZN,Nəriman Nərimanov m.,3 otaqlı,147.5 m²,15/17 mərtəbə
320 000,AZN,Nəsimi r.,3 otaqlı,133 m²,3/16 mərtəbə
142 000,AZN,Qara Qarayev m.,2 otaqlı,55 m²,9/17 mərtəbə
302 000,AZN,Nəriman Nərimanov m.,4 otaqlı,100 m²,12/16 mərtəbə
320 000,AZN,8 Noyabr m.,3 otaqlı,137 m²,15/17 mərtəbə
176 000,AZN,Qara Qarayev m.,2 otaqlı,72 m²,2/16 mərtəbə
135 000,AZN,Nəriman Nərimanov m.,1 otaqlı,40 m²,3/16 mərtəbə
368 000,AZN,8 Noyabr m.,3 otaqlı,147.5 m²,27/27 mərtəbə
240 000,AZN,28 May m.,3 otaqlı,139.3 m²,8/16 mərtəbə
92 000,AZN,Hövsan q.,3 otaqlı,67 m²,4/7 mərtəbə
345 000,AZN,8-ci kilometr q.,3 otaqlı,129 m²,10/19 mərtəbə
329 035,AZN,Nardaran q.,1 otaqlı,55.3 m²,5/7 mərtəbə
339 000,AZN,Nəriman Nərimanov m.,3 otaqlı,94 m²,16/17 mərtəbə
93 000,AZN,Qara Qarayev m.,1 otaqlı,39 m²,5/16 mərtəbə
114 000,AZN,Köhnə Günəşli q.,2 otaqlı,60 m²,1/9 mərtəbə
140 000,AZN,Gənclik m.,2 otaqlı,34 m²,7/16 mərtəbə
325 000,AZN,Nəriman Nərimanov m.,3 otaqlı,128 m²,12/16 mərtəbə
105 000,AZN,Neftçilər m.,1 otaqlı,40 m²,3/5 mərtəbə
307 000,AZN,Şah İsmayıl Xətai m.,3 otaqlı,126 m²,7/17 mərtəbə
129 000,AZN,İnşaatçılar m.,2 otaqlı,50 m²,7/14 mərtəbə
390 000,AZN,Nəsimi r.,4 otaqlı,172 m²,5/20 mərtəbə
335 000,AZN,Şah İsmayıl Xətai m.,3 otaqlı,130 m²,13/14 mərtəbə
345 000,AZN,8 Noyabr m.,3 otaqlı,140 m²,7/11 mərtəbə
395 000,AZN,Nəsimi r.,4 otaqlı,150 m²,12/15 mərtəbə
1 230 000,AZN,Nəsimi r.,4 otaqlı,205 m²,11/17 mərtəbə
220 000,AZN,Nizami m.,2 otaqlı,61 m²,3/6 mərtəbə
495 000,AZN,Nəsimi r.,4 otaqlı,195 m²,8/16 mərtəbə
234 800,AZN,Azadlıq Prospekti m.,3 otaqlı,85 m²,4/9 mərtəbə
690 000,AZN,Gənclik m.,3 otaqlı,143.9 m²,15/17 mərtəbə
178 000,AZN,Neftçilər m.,2 otaqlı,76 m²,14/18 mərtəbə
369 000,AZN,Gənclik m.,3 otaqlı,130 m²,12/16 mərtəbə
165 000,AZN,Həzi Aslanov m.,2 otaqlı,80 m²,7/14 mərtəbə
215 000,AZN,Nərimanov r.,2 otaqlı,68 m²,10/15 mərtəbə
290 000,AZN,8 Noyabr m.,4 otaqlı,130 m²,16/20 mərtəbə
370 000,AZN,Nəriman Nərimanov m.,3 otaqlı,120 m²,5/16 mərtəbə
90 000,AZN,Əmircan q.,2 otaqlı,52 m²,3/5 mərtəbə
280 000,AZN,İnşaatçılar m.,3 otaqlı,103 m²,9/16 mərtəbə
595 000,AZN,Ağ şəhər q.,4 otaqlı,161 m²,14/20 mərtəbə
510 000,AZN,Nizami r.,3 otaqlı,148 m²,9/19 mərtəbə
196 000,AZN,Neftçilər m.,3 otaqlı,87.8 m²,2/14 mərtəbə
205 000,AZN,Qara Qarayev m.,3 otaqlı,95 m²,5/17 mərtəbə
164 000,AZN,Yeni Yasamal q.,3 otaqlı,93 m²,2/14 mərtəbə
64 000,AZN,Hövsan q.,1 otaqlı,39 m²,1/7 mərtəbə
220 000,AZN,İnşaatçılar m.,3 otaqlı,150 m²,11/18 mərtəbə
150 000,AZN,Masazır q.,3 otaqlı,90 m²,4/7 mərtəbə
220 000,AZN,Nizami m.,2 otaqlı,54 m²,7/15 mərtəbə
180 000,AZN,Nizami r.,2 otaqlı,94 m²,11/12 mərtəbə
425 000,AZN,Nəsimi r.,4 otaqlı,236 m²,4/16 mərtəbə
209 000,AZN,Nizami m.,2 otaqlı,74 m²,3/14 mərtəbə
160 000,AZN,Bayıl q.,2 otaqlı,65 m²,4/17 mərtəbə
750 000,AZN,Elmlər Akademiyası m.,4 otaqlı,220 m²,12/22 mərtəbə
180 000,AZN,Qara Qarayev m.,2 otaqlı,75 m²,9/16 mərtəbə
245 000,AZN,Elmlər Akademiyası m.,2 otaqlı,65 m²,8/8 mərtəbə
235 000,AZN,Nəsimi m.,3 otaqlı,120 m²,7/17 mərtəbə
76 000,AZN,Masazır q.,2 otaqlı,60.5 m²,10/13 mərtəbə
385 000,AZN,Nəsimi r.,3 otaqlı,132 m²,8/17 mərtəbə
370 000,AZN,Şah İsmayıl Xətai m.,3 otaqlı,130 m²,15/18 mərtəbə
330 000,AZN,Şah İsmayıl Xətai m.,3 otaqlı,130 m²,15/20 mərtəbə
120 000,AZN,Elmlər Akademiyası m.,2 otaqlı,43 m²,10/12 mərtəbə
307 000,AZN,Şah İsmayıl Xətai m.,3 otaqlı,138 m²,7/16 mərtəbə
450 000,AZN,28 May m.,3 otaqlı,200 m²,3/16 mərtəbə
207 000,AZN,Nardaran q.,1 otaqlı,58 m²,6/7 mərtəbə
375 000,AZN,Şah İsmayıl Xətai m.,3 otaqlı,140 m²,10/18 mərtəbə
310 000,AZN,Memar Əcəmi m.,4 otaqlı,120 m²,10/17 mərtəbə
129 000,AZN,Əhmədli m.,2 otaqlı,60 m²,7/9 mərtəbə
310 000,AZN,Elmlər Akademiyası m.,3 otaqlı,111 m²,17/20 mərtəbə
400 000,AZN,8 Noyabr m.,3 otaqlı,145 m²,14/27 mərtəbə
165 000,AZN,Həzi Aslanov m.,3 otaqlı,80 m²,6/6 mərtəbə
574 955,AZN,28 May m.,4 otaqlı,194.9 m²,4/16 mərtəbə
125 000,AZN,Həzi Aslanov m.,2 otaqlı,65 m²,8/9 mərtəbə
295 000,AZN,Nərimanov r.,4 otaqlı,110 m²,7/9 mərtəbə
268 000,AZN,Şah İsmayıl Xətai m.,3 otaqlı,80 m²,15/17 mərtəbə
215 000,AZN,Xətai r.,3 otaqlı,110 m²,5/20 mərtəbə
254 000,AZN,Nəriman Nərimanov m.,2 otaqlı,85 m²,12/18 mərtəbə
197 000,AZN,Qara Qarayev m.,3 otaqlı,107 m²,16/16 mərtəbə
124 500,AZN,Yasamal r.,2 otaqlı,48 m²,4/16 mərtəbə
310 000,AZN,Yasamal r.,3 otaqlı,107 m²,25/27 mərtəbə
175 000,AZN,Gənclik m.,2 otaqlı,70 m²,4/9 mərtəbə
450 000,AZN,Ağ şəhər q.,3 otaqlı,107 m²,3/5 mərtəbə
119 500,AZN,Nizami m.,2 otaqlı,46 m²,5/5 mərtəbə
165 000,AZN,Bakıxanov q.,3 otaqlı,75 m²,5/9 mərtəbə
263 000,AZN,Ağ şəhər q.,2 otaqlı,63 m²,14/20 mərtəbə
149 000,AZN,Nəriman Nərimanov m.,1 otaqlı,60 m²,15/15 mərtəbə
69 800,AZN,Masazır q.,3 otaqlı,60 m²,2/4 mərtəbə
518 000,AZN,Ağ şəhər q.,3 otaqlı,157 m²,14/20 mərtəbə
66 000,AZN,Masazır q.,2 otaqlı,58 m²,5/11 mərtəbə
351 000,AZN,28 May m.,3 otaqlı,135 m²,7/16 mərtəbə
295 000,AZN,Gənclik m.,3 otaqlı,112 m²,10/16 mərtəbə
624 132,AZN,28 May m.,4 otaqlı,231.2 m²,14/18 mərtəbə
209 000,AZN,Nəsimi r.,1 otaqlı,55 m²,3/16 mərtəbə
273 600,AZN,Nəsimi r.,2 otaqlı,72 m²,9/16 mərtəbə
205 000,AZN,Şah İsmayıl Xətai m.,2 otaqlı,67 m²,8/18 mərtəbə
409 500,AZN,Nəsimi r.,4 otaqlı,130 m²,4/16 mərtəbə
511 635,AZN,Nardaran q.,3 otaqlı,136.8 m²,4/7 mərtəbə
92 000,AZN,Masazır q.,3 otaqlı,83 m²,1/6 mərtəbə
198 000,AZN,Nəriman Nərimanov m.,2 otaqlı,55 m²,11/16 mərtəbə
120 000,AZN,Bayıl q.,2 otaqlı,40 m²,1/1 mərtəbə
830 000,AZN,Ağ şəhər q.,5 otaqlı,220 m²,14/20 mərtəbə
410 760,AZN,Nəsimi r.,3 otaqlı,146.7 m²,4/16 mərtəbə
432 765,AZN,Nəsimi r.,3 otaqlı,146.7 m²,8/16 mərtəbə
202 000,AZN,İnşaatçılar m.,2 otaqlı,81 m²,6/12 mərtəbə
359 100,AZN,Nəsimi r.,2 otaqlı,94.5 m²,8/16 mərtəbə
572 299,AZN,Nəsimi r.,4 otaqlı,194 m²,7/16 mərtəbə
562 600,AZN,Nəsimi r.,4 otaqlı,194 m²,6/16 mərtəbə
397 590,AZN,Nəsimi r.,3 otaqlı,137.1 m²,15/16 mərtəbə
190 000,AZN,Həzi Aslanov m.,2 otaqlı,88 m²,8/17 mərtəbə
320 000,AZN,Nəsimi r.,3 otaqlı,103 m²,12/18 mərtəbə
300 000,AZN,Qara Qarayev m.,3 otaqlı,120 m²,15/17 mərtəbə
370 000,AZN,Şah İsmayıl Xətai m.,3 otaqlı,141 m²,10/21 mərtəbə
280 000,AZN,Əhmədli m.,3 otaqlı,145 m²,13/17 mərtəbə
880 000,AZN,Ağ şəhər q.,4 otaqlı,185 m²,12/20 mərtəbə
155 000,AZN,Xətai r.,3 otaqlı,115 m²,19/21 mərtəbə
141 000,AZN,Memar Əcəmi m.,2 otaqlı,55 m²,4/5 mərtəbə
250 000,AZN,28 May m.,3 otaqlı,162 m²,15/15 mərtəbə
303 725,AZN,28 May m.,3 otaqlı,121.5 m²,4/16 mərtəbə
167 000,AZN,Nərimanov r.,2 otaqlı,60 m²,6/16 mərtəbə
130 000,AZN,Yeni Günəşli q.,3 otaqlı,68 m²,3/12 mərtəbə
135 000,AZN,Yasamal r.,2 otaqlı,70 m²,3/16 mərtəbə
524 944,AZN,28 May m.,4 otaqlı,187.5 m²,7/16 mərtəbə
155 000,AZN,İnşaatçılar m.,2 otaqlı,80 m²,3/11 mərtəbə
164 000,AZN,Xalqlar Dostluğu m.,2 otaqlı,80 m²,13/15 mərtəbə
220 000,AZN,Nərimanov r.,2 otaqlı,70 m²,10/17 mərtəbə
388 160,AZN,28 May m.,3 otaqlı,121.3 m²,7/16 mərtəbə
465 000,AZN,Həzi Aslanov q.,4 otaqlı,200 m²,16/20 mərtəbə
654 007,AZN,Ağ şəhər q.,3 otaqlı,103.6 m²,4/7 mərtəbə
200 000,AZN,Nəsimi r.,2 otaqlı,42 m²,3/10 mərtəbə
133 000,AZN,Həzi Aslanov m.,2 otaqlı,74 m²,7/13 mərtəbə
260 000,AZN,Gənclik m.,3 otaqlı,134 m²,4/17 mərtəbə
195 000,AZN,5-ci mikrorayon q.,3 otaqlı,80 m²,4/6 mərtəbə
148 000,AZN,Yasamal q.,2 otaqlı,62 m²,10/12 mərtəbə
230 000,AZN,Əhmədli q.,4 otaqlı,140 m²,14/16 mərtəbə
368 000,AZN,8 Noyabr m.,3 otaqlı,148 m²,27/27 mərtəbə
147 000,AZN,Əhmədli m.,3 otaqlı,76 m²,5/9 mərtəbə
328 000,AZN,20 Yanvar m.,3 otaqlı,123 m²,4/8 mərtəbə
190 000,AZN,Qara Qarayev m.,3 otaqlı,85 m²,4/5 mərtəbə
270 000,AZN,İnşaatçılar m.,3 otaqlı,130 m²,5/11 mərtəbə
900 000,AZN,Gənclik m.,6 otaqlı,340 m²,14/18 mərtəbə
212 000,AZN,Nərimanov r.,2 otaqlı,58 m²,12/17 mərtəbə
159 000,AZN,Memar Əcəmi m.,3 otaqlı,80 m²,2/9 mərtəbə
624 510,AZN,Nərimanov r.,4 otaqlı,231.3 m²,4/17 mərtəbə
275 000,AZN,Yasamal r.,3 otaqlı,148 m²,3/19 mərtəbə
264 141,AZN,Nərimanov r.,2 otaqlı,97.8 m²,4/17 mərtəbə
92 000,AZN,Bakıxanov q.,1 otaqlı,40 m²,8/9 mərtəbə
305 850,AZN,Nəriman Nərimanov m.,4 otaqlı,122.3 m²,9/14 mərtəbə
530 000,AZN,28 May m.,5 otaqlı,249 m²,5/15 mərtəbə
248 280,AZN,Nərimanov r.,2 otaqlı,103.5 m²,5/14 mərtəbə
110 000,AZN,Qara Qarayev m.,1 otaqlı,35 m²,3/4 mərtəbə
390 000,AZN,Nəriman Nərimanov m.,3 otaqlı,113 m²,7/16 mərtəbə
303 600,AZN,Nərimanov r.,3 otaqlı,126.5 m²,5/14 mərtəbə
100 000,AZN,Nəsimi r.,2 otaqlı,50 m²,18/18 mərtəbə
500 410,AZN,Nizami m.,3 otaqlı,163 m²,14/16 mərtəbə
178 000,AZN,Biləcəri q.,2 otaqlı,72.1 m²,3/15 mərtəbə
215 000,AZN,8 Noyabr m.,2 otaqlı,80 m²,2/14 mərtəbə
210 775,AZN,Nərimanov r.,2 otaqlı,84.3 m²,8/14 mərtəbə
103 000,AZN,Əhmədli m.,2 otaqlı,55 m²,9/9 mərtəbə
520 000,AZN,Nəsimi r.,4 otaqlı,174 m²,5/17 mərtəbə
253 000,AZN,Gənclik m.,2 otaqlı,92 m²,11/17 mərtəbə
130 000,AZN,Neftçilər m.,2 otaqlı,55 m²,2/5 mərtəbə
146 000,AZN,Memar Əcəmi m.,2 otaqlı,53 m²,9/16 mərtəbə
288 000,AZN,Nəriman Nərimanov m.,3 otaqlı,89 m²,14/14 mərtəbə
162 000,AZN,Elmlər Akademiyası m.,2 otaqlı,58 m²,4/4 mərtəbə
485 000,AZN,Elmlər Akademiyası m.,4 otaqlı,185 m²,8/18 mərtəbə
189 500,AZN,Həzi Aslanov q.,3 otaqlı,87.1 m²,15/16 mərtəbə
155 000,AZN,Neftçilər m.,2 otaqlı,62 m²,11/14 mərtəbə
287 000,AZN,Ağ şəhər q.,2 otaqlı,75 m²,6/6 mərtəbə
205 000,AZN,Yeni Günəşli q.,3 otaqlı,115 m²,7/15 mərtəbə
188 726,AZN,Yasamal q.,3 otaqlı,95.8 m²,2/14 mərtəbə
285 000,AZN,Nərimanov r.,3 otaqlı,105 m²,12/16 mərtəbə
24 000,AZN,Masazır q.,2 otaqlı,48 m²,2/9 mərtəbə
262 500,AZN,Xətai r.,2 otaqlı,79 m²,16/17 mərtəbə
162 000,AZN,3-cü mikrorayon q.,2 otaqlı,48 m²,7/18 mərtəbə
288 000,AZN,Şah İsmayıl Xətai m.,2 otaqlı,78 m²,13/20 mərtəbə
204 000,AZN,Badamdar q.,3 otaqlı,86 m²,4/7 mərtəbə
337 000,AZN,28 May m.,3 otaqlı,135 m²,10/16 mərtəbə
270 000,AZN,Nərimanov r.,3 otaqlı,137 m²,2/18 mərtəbə
147 000,AZN,Elmlər Akademiyası m.,2 otaqlı,60 m²,11/25 mərtəbə
149 000,AZN,20 Yanvar m.,2 otaqlı,68 m²,3/9 mərtəbə
330 000,AZN,Nərimanov r.,5 otaqlı,190 m²,14/15 mərtəbə
735 000,AZN,Nizami m.,4 otaqlı,157 m²,9/18 mərtəbə
120 000,AZN,Həzi Aslanov m.,2 otaqlı,52 m²,4/9 mərtəbə
370 650,AZN,Yasamal r.,3 otaqlı,123.5 m²,6/14 mərtəbə
292 000,AZN,Şah İsmayıl Xətai m.,3 otaqlı,106.3 m²,16/17 mərtəbə
243 000,AZN,Həzi Aslanov m.,3 otaqlı,95 m²,6/16 mərtəbə
216 500,AZN,Azadlıq Prospekti m.,2 otaqlı,88 m²,11/17 mərtəbə
185 000,AZN,Nəriman Nərimanov m.,2 otaqlı,65 m²,11/16 mərtəbə
329 999,AZN,Nəriman Nərimanov m.,3 otaqlı,148.8 m²,9/18 mərtəbə
209 000,AZN,Elmlər Akademiyası m.,2 otaqlı,74 m²,15/23 mərtəbə
659 000,AZN,İçəri Şəhər m.,5 otaqlı,256 m²,5/15 mərtəbə
260 000,AZN,Şah İsmayıl Xətai m.,2 otaqlı,79 m²,6/17 mərtəbə
190 000,AZN,Xətai r.,3 otaqlı,92 m²,16/17 mərtəbə
261 000,AZN,Elmlər Akademiyası m.,2 otaqlı,94 m²,5/17 mərtəbə
120 000,AZN,Həzi Aslanov m.,2 otaqlı,63 m²,5/9 mərtəbə
585 000,AZN,28 May m.,4 otaqlı,200 m²,13/18 mərtəbə
135 000,AZN,Həzi Aslanov m.,3 otaqlı,60 m²,6/9 mərtəbə
358 000,AZN,Nəsimi r.,3 otaqlı,126 m²,9/16 mərtəbə
303 000,AZN,Ağ şəhər q.,2 otaqlı,90 m²,2/7 mərtəbə
550 000,AZN,Xətai r.,3 otaqlı,100 m²,3/7 mərtəbə
169 000,AZN,Neftçilər m.,2 otaqlı,91 m²,15/17 mərtəbə
229 500,AZN,Ağ şəhər q.,2 otaqlı,51 m²,2/7 mərtəbə
316 000,AZN,Nərimanov r.,4 otaqlı,135 m²,13/14 mərtəbə
299 000,AZN,Qara Qarayev m.,3 otaqlı,120 m²,15/17 mərtəbə
328 000,AZN,Ağ şəhər q.,3 otaqlı,83 m²,7/7 mərtəbə
749 000,AZN,Ağ şəhər q.,3 otaqlı,120 m²,16/20 mərtəbə
165 000,AZN,Neftçilər m.,2 otaqlı,67 m²,15/18 mərtəbə
225 000,AZN,İnşaatçılar m.,2 otaqlı,100 m²,16/18 mərtəbə
185 000,AZN,Xalqlar Dostluğu m.,3 otaqlı,120 m²,14/19 mərtəbə
212 000,AZN,Qaradağ r.,3 otaqlı,136.6 m²,14/14 mərtəbə
155 000,AZN,Xətai r.,3 otaqlı,115 m²,19/21 mərtəbə
360 000,AZN,8 Noyabr m.,3 otaqlı,148 m²,27/27 mərtəbə
99 000,AZN,Massiv V q.,2 otaqlı,45 m²,4/9 mərtəbə
343 000,AZN,Nəriman Nərimanov m.,4 otaqlı,100 m²,1/9 mərtəbə
75 000,AZN,Masazır q.,2 otaqlı,60 m²,5/6 mərtəbə
193 000,AZN,Gənclik m.,2 otaqlı,55 m²,2/9 mərtəbə
410 000,AZN,8 Noyabr m.,3 otaqlı,148 m²,13/27 mərtəbə
263 000,AZN,Şah İsmayıl Xətai m.,3 otaqlı,95 m²,5/16 mərtəbə
175 000,AZN,Xalqlar Dostluğu m.,3 otaqlı,85 m²,6/9 mərtəbə
280 000,AZN,Şah İsmayıl Xətai m.,3 otaqlı,111 m²,5/24 mərtəbə
160 000,AZN,Xalqlar Dostluğu m.,4 otaqlı,95 m²,5/5 mərtəbə
361 300,AZN,Gənclik m.,2 otaqlı,78.2 m²,12/18 mərtəbə
720 000,AZN,28 May m.,4 otaqlı,220 m²,6/17 mərtəbə
115 000,AZN,Xalqlar Dostluğu m.,2 otaqlı,50 m²,1/5 mərtəbə
250 000,AZN,Nəsimi r.,2 otaqlı,78 m²,8/17 mərtəbə
240 000,AZN,Yeni Yasamal q.,3 otaqlı,130 m²,9/16 mərtəbə
329 000,AZN,8 Noyabr m.,4 otaqlı,145 m²,8/18 mərtəbə
92 000,AZN,Xalqlar Dostluğu m.,1 otaqlı,30 m²,5/5 mərtəbə
370 000,AZN,28 May m.,3 otaqlı,135 m²,10/17 mərtəbə
96 000,AZN,Hövsan q.,3 otaqlı,77 m²,10/12 mərtəbə
270 000,AZN,Nərimanov r.,2 otaqlı,63 m²,10/14 mərtəbə
269 000,AZN,Elmlər Akademiyası m.,3 otaqlı,105 m²,15/17 mərtəbə
450 000,AZN,Nəsimi r.,3 otaqlı,165 m²,8/17 mərtəbə
103 000,AZN,Qara Qarayev m.,2 otaqlı,50 m²,5/5 mərtəbə
136 000,AZN,Elmlər Akademiyası m.,2 otaqlı,52 m²,1/5 mərtəbə
150 000,AZN,Gənclik m.,2 otaqlı,52 m²,2/5 mərtəbə
210 775,AZN,Nərimanov r.,2 otaqlı,84.3 m²,8/14 mərtəbə
94 000,AZN,Həzi Aslanov m.,2 otaqlı,45 m²,5/12 mərtəbə
142 000,AZN,Əhmədli q.,3 otaqlı,85 m²,1/9 mərtəbə
190 000,AZN,Yeni Yasamal q.,3 otaqlı,96 m²,4/12 mərtəbə
270 000,AZN,Gənclik m.,2 otaqlı,85 m²,8/15 mərtəbə
165 000,AZN,Nəsimi r.,1 otaqlı,50 m²,8/18 mərtəbə
358 000,AZN,Nəsimi r.,3 otaqlı,130 m²,9/17 mərtəbə
276 120,AZN,28 May m.,2 otaqlı,70.8 m²,3/16 mərtəbə
276 120,AZN,28 May m.,2 otaqlı,70.8 m²,7/16 mərtəbə
120 000,AZN,Həzi Aslanov m.,2 otaqlı,52 m²,4/9 mərtəbə
315 020,AZN,28 May m.,2 otaqlı,82.9 m²,10/16 mərtəbə
289 000,AZN,Qara Qarayev m.,2 otaqlı,106 m²,5/19 mərtəbə
315 020,AZN,28 May m.,2 otaqlı,82.9 m²,12/16 mərtəbə
280 000,AZN,8 Noyabr m.,3 otaqlı,108 m²,2/7 mərtəbə
315 020,AZN,28 May m.,2 otaqlı,82.9 m²,11/16 mərtəbə
315 020,AZN,28 May m.,2 otaqlı,82.9 m²,13/16 mərtəbə
78 000,AZN,Abşeron r.,2 otaqlı,44 m²,7/16 mərtəbə
315 020,AZN,28 May m.,2 otaqlı,82.9 m²,16/16 mərtəbə
290 000,AZN,İnşaatçılar m.,3 otaqlı,153 m²,14/20 mərtəbə
315 020,AZN,28 May m.,2 otaqlı,82.9 m²,9/16 mərtəbə
315 020,AZN,28 May m.,2 otaqlı,82.9 m²,8/16 mərtəbə
315 020,AZN,28 May m.,2 otaqlı,82.9 m²,3/16 mərtəbə
446 500,AZN,Nəsimi r.,3 otaqlı,125 m²,14/16 mərtəbə
370 000,AZN,Sahil m.,3 otaqlı,95 m²,6/6 mərtəbə
315 020,AZN,28 May m.,2 otaqlı,82.9 m²,2/16 mərtəbə
94 000,AZN,Yeni Günəşli q.,2 otaqlı,44 m²,12/17 mərtəbə
390 000,AZN,İnşaatçılar m.,4 otaqlı,200 m²,2/10 mərtəbə
336 330,AZN,28 May m.,2 otaqlı,90.9 m²,8/16 mərtəbə
203 000,AZN,20 Yanvar m.,3 otaqlı,87 m²,16/20 mərtəbə
345 000,AZN,Səbail r.,5 otaqlı,137 m²,5/5 mərtəbə
383 350,AZN,Nardaran q.,2 otaqlı,90.2 m²,1/7 mərtəbə
330 000,AZN,8-ci kilometr q.,4 otaqlı,169 m²,8/14 mərtəbə
118 000,AZN,Xalqlar Dostluğu m.,2 otaqlı,65 m²,10/10 mərtəbə
336 330,AZN,28 May m.,2 otaqlı,90.9 m²,9/16 mərtəbə
145 000,AZN,Xalqlar Dostluğu m.,3 otaqlı,75 m²,5/9 mərtəbə
259 000,AZN,28 May m.,3 otaqlı,101 m²,19/20 mərtəbə
365 000,AZN,Nardaran q.,2 otaqlı,60 m²,2/8 mərtəbə
165 000,AZN,Memar Əcəmi m.,2 otaqlı,57 m²,14/18 mərtəbə
336 330,AZN,28 May m.,2 otaqlı,90.9 m²,10/16 mərtəbə
270 000,AZN,Elmlər Akademiyası m.,3 otaqlı,110.8 m²,15/17 mərtəbə
258 000,AZN,20 Yanvar m.,3 otaqlı,118 m²,14/18 mərtəbə
190 000,AZN,Neftçilər m.,4 otaqlı,105 m²,7/10 mərtəbə
336 330,AZN,28 May m.,2 otaqlı,90.9 m²,11/16 mərtəbə
310 000,AZN,Şah İsmayıl Xətai m.,2 otaqlı,78 m²,12/19 mərtəbə
336 330,AZN,28 May m.,2 otaqlı,90.9 m²,12/16 mərtəbə
375 000,AZN,Gənclik m.,3 otaqlı,144 m²,17/19 mərtəbə
140 000,AZN,İnşaatçılar m.,2 otaqlı,47 m²,4/5 mərtəbə
300 000,AZN,İnşaatçılar m.,3 otaqlı,121 m²,10/15 mərtəbə
280 000,AZN,Şah İsmayıl Xətai m.,2 otaqlı,104 m²,15/17 mərtəbə
388 160,AZN,28 May m.,3 otaqlı,121.3 m²,7/16 mərtəbə
165 000,AZN,Yasamal r.,4 otaqlı,100 m²,2/9 mərtəbə
360 000,AZN,28 May m.,3 otaqlı,120 m²,3/16 mərtəbə
400 000,AZN,İnşaatçılar m.,3 otaqlı,156 m²,12/21 mərtəbə
195 000,AZN,Yasamal q.,3 otaqlı,103 m²,20/22 mərtəbə
574 955,AZN,28 May m.,4 otaqlı,194.9 m²,4/16 mərtəbə
276 120,AZN,28 May m.,2 otaqlı,70.8 m²,2/16 mərtəbə
700 000,AZN,Nərimanov r.,5 otaqlı,216 m²,15/19 mərtəbə
176 500,AZN,Dərnəgül m.,2 otaqlı,70 m²,8/12 mərtəbə
138 015,AZN,Yasamal q.,2 otaqlı,65.4 m²,9/14 mərtəbə
985 660,AZN,Nardaran q.,3 otaqlı,287 m²,3/7 mərtəbə
315 020,AZN,28 May m.,2 otaqlı,82.9 m²,6/16 mərtəbə
315 020,AZN,28 May m.,2 otaqlı,82.9 m²,7/16 mərtəbə
585 000,AZN,Nəsimi r.,4 otaqlı,195 m²,11/18 mərtəbə
315 020,AZN,28 May m.,2 otaqlı,82.9 m²,4/16 mərtəbə
315 020,AZN,28 May m.,2 otaqlı,82.9 m²,5/16 mərtəbə
238 000,AZN,Nəriman Nərimanov m.,3 otaqlı,90 m²,9/19 mərtəbə
336 330,AZN,28 May m.,2 otaqlı,90.9 m²,7/16 mərtəbə
295 000,AZN,Gənclik m.,3 otaqlı,110 m²,8/17 mərtəbə
315 020,AZN,28 May m.,2 otaqlı,82.9 m²,15/16 mərtəbə
253 000,AZN,Nərimanov r.,3 otaqlı,105 m²,14/18 mərtəbə
203 000,AZN,20 Yanvar m.,3 otaqlı,86 m²,16/20 mərtəbə
276 120,AZN,28 May m.,2 otaqlı,70.8 m²,7/16 mərtəbə
299 000,AZN,Nəriman Nərimanov m.,3 otaqlı,116 m²,12/15 mərtəbə
315 020,AZN,28 May m.,2 otaqlı,82.9 m²,14/16 mərtəbə
140 000,AZN,Nizami r.,2 otaqlı,65 m²,8/9 mərtəbə
797 400,AZN,28 May m.,5 otaqlı,265.8 m²,4/16 mərtəbə
276 120,AZN,28 May m.,2 otaqlı,70.8 m²,3/16 mərtəbə
255 000,AZN,Yasamal r.,3 otaqlı,117 m²,10/12 mərtəbə
388 160,AZN,28 May m.,3 otaqlı,121.3 m²,10/16 mərtəbə
245 000,AZN,Xalqlar Dostluğu m.,5 otaqlı,110 m²,8/9 mərtəbə
270 000,AZN,Nəsimi r.,4 otaqlı,115 m²,4/5 mərtəbə
180 000,AZN,Həzi Aslanov m.,3 otaqlı,93 m²,9/16 mərtəbə
79 000,AZN,Hövsan q.,2 otaqlı,35 m²,3/5 mərtəbə
192 000,AZN,Neftçilər m.,4 otaqlı,100 m²,7/9 mərtəbə
260 000,AZN,Buzovna q.,3 otaqlı,130 m²,2/3 mərtəbə
800 000,AZN,Elmlər Akademiyası m.,4 otaqlı,245 m²,16/18 mərtəbə
285 000,AZN,Şah İsmayıl Xətai m.,2 otaqlı,105 m²,9/18 mərtəbə
335 000,AZN,Nəsimi r.,3 otaqlı,118.2 m²,14/17 mərtəbə
294 500,AZN,Səbail r.,3 otaqlı,147 m²,18/19 mərtəbə
170 000,AZN,Elmlər Akademiyası m.,2 otaqlı,65 m²,8/18 mərtəbə
245 412,AZN,Yasamal q.,4 otaqlı,120.3 m²,4/14 mərtəbə
297 500,AZN,Nardaran q.,1 otaqlı,48 m²,1/7 mərtəbə
700 000,AZN,Nərimanov r.,4 otaqlı,217 m²,15/19 mərtəbə
98 500,AZN,Yeni Günəşli q.,2 otaqlı,60 m²,6/10 mərtəbə
375 000,AZN,Azadlıq Prospekti m.,4 otaqlı,150 m²,15/18 mərtəbə
365 000,AZN,28 May m.,3 otaqlı,140 m²,13/17 mərtəbə
340 000,AZN,8 Noyabr m.,3 otaqlı,130 m²,13/20 mərtəbə
140 000,AZN,Xalqlar Dostluğu m.,2 otaqlı,60 m²,8/9 mərtəbə
189 000,AZN,Memar Əcəmi m.,2 otaqlı,60 m²,16/18 mərtəbə
160 000,AZN,İçəri Şəhər m.,3 otaqlı,75 m²,3/3 mərtəbə
188 000,AZN,Yeni Yasamal q.,3 otaqlı,92 m²,14/18 mərtəbə
249 000,AZN,Həzi Aslanov m.,3 otaqlı,128 m²,13/14 mərtəbə
420 000,AZN,Elmlər Akademiyası m.,3 otaqlı,114 m²,11/22 mərtəbə
87 900,AZN,Sahil m.,2 otaqlı,40 m²,1/3 mərtəbə
89 900,AZN,Səbail r.,2 otaqlı,41 m²,3/5 mərtəbə
590 000,AZN,Şah İsmayıl Xətai m.,5 otaqlı,209 m²,7/17 mərtəbə
122 450,AZN,Lökbatan q.,2 otaqlı,79 m²,10/18 mərtəbə
365 000,AZN,28 May m.,4 otaqlı,152 m²,8/17 mərtəbə
214 500,AZN,Nərimanov r.,2 otaqlı,78 m²,7/16 mərtəbə
190 000,AZN,20 Yanvar m.,5 otaqlı,111 m²,4/9 mərtəbə
195 000,AZN,8 Noyabr m.,2 otaqlı,57 m²,10/11 mərtəbə
211 000,AZN,Nəriman Nərimanov m.,3 otaqlı,90 m²,14/17 mərtəbə
252 000,AZN,20 Yanvar m.,3 otaqlı,100 m²,13/20 mərtəbə
165 000,AZN,Memar Əcəmi m.,2 otaqlı,57 m²,14/18 mərtəbə
300 000,AZN,Həzi Aslanov m.,4 otaqlı,154 m²,15/17 mərtəbə
361 300,AZN,Gənclik m.,2 otaqlı,78.2 m²,12/18 mərtəbə
252 000,AZN,20 Yanvar m.,3 otaqlı,100 m²,13/20 mərtəbə
225 000,AZN,Nərimanov r.,3 otaqlı,112 m²,3/20 mərtəbə
425 000,AZN,Nəsimi r.,3 otaqlı,160 m²,9/17 mərtəbə
129 000,AZN,Səbail r.,2 otaqlı,51 m²,3/6 mərtəbə
500 000,AZN,Nəriman Nərimanov m.,3 otaqlı,127 m²,5/16 mərtəbə
580 000,AZN,Ağ şəhər q.,3 otaqlı,95 m²,8/8 mərtəbə
1 980 000,AZN,İçəri Şəhər m.,8 otaqlı,584.1 m²,11/14 mərtəbə
270 000,AZN,Memar Əcəmi m.,3 otaqlı,130 m²,13/16 mərtəbə
220 000,AZN,Nəriman Nərimanov m.,3 otaqlı,80 m²,2/5 mərtəbə
270 000,AZN,Nəriman Nərimanov m.,3 otaqlı,135 m²,9/19 mərtəbə
680 000,AZN,Nəsimi r.,4 otaqlı,240 m²,11/17 mərtəbə
335 000,AZN,Nəriman Nərimanov m.,4 otaqlı,182 m²,15/17 mərtəbə
229 000,AZN,İçəri Şəhər m.,2 otaqlı,52 m²,1/2 mərtəbə
280 000,AZN,28 May m.,3 otaqlı,110 m²,12/13 mərtəbə
357 000,AZN,Nizami m.,4 otaqlı,138 m²,2/16 mərtəbə
103 000,AZN,Masazır q.,3 otaqlı,86 m²,4/11 mərtəbə
360 000,AZN,Şah İsmayıl Xətai m.,3 otaqlı,127 m²,14/20 mərtəbə
244 800,AZN,Nardaran q.,2 otaqlı,80 m²,1/8 mərtəbə
517 752,AZN,Nardaran q.,3 otaqlı,169.2 m²,1/8 mərtəbə
249 390,AZN,Nardaran q.,2 otaqlı,65.2 m²,7/8 mərtəbə
537 413,AZN,Nardaran q.,3 otaqlı,140.5 m²,5/8 mərtəbə
230 512,AZN,Nardaran q.,1 otaqlı,57.7 m²,7/8 mərtəbə
159 936,AZN,Nardaran q.,1 otaqlı,44.8 m²,2/8 mərtəbə
239 547,AZN,Nardaran q.,2 otaqlı,67.1 m²,2/8 mərtəbə
174 000,AZN,20 Yanvar m.,4 otaqlı,90 m²,7/9 mərtəbə
298 000,AZN,Nizami m.,3 otaqlı,130 m²,10/17 mərtəbə
382 590,AZN,Nizami m.,2 otaqlı,117 m²,10/16 mərtəbə
269 500,AZN,Nəriman Nərimanov m.,2 otaqlı,85 m²,8/14 mərtəbə
239 547,AZN,Nardaran q.,2 otaqlı,67.1 m²,2/8 mərtəbə
681 340,AZN,28 May m.,4 otaqlı,209 m²,10/18 mərtəbə
438 900,AZN,28 May m.,3 otaqlı,133 m²,6/18 mərtəbə
114 000,AZN,Həzi Aslanov m.,2 otaqlı,60 m²,1/9 mərtəbə
298 656,AZN,Nardaran q.,1 otaqlı,54.9 m²,2/7 mərtəbə
310 233,AZN,Nardaran q.,1 otaqlı,55.3 m²,4/7 mərtəbə
318 325,AZN,Nardaran q.,1 otaqlı,53.5 m²,5/7 mərtəbə
329 035,AZN,Nardaran q.,1 otaqlı,55.3 m²,5/7 mərtəbə
446 012,AZN,Nardaran q.,2 otaqlı,93.7 m²,2/7 mərtəbə
627 130,AZN,Nardaran q.,2 otaqlı,105.4 m²,5/7 mərtəbə
210 000,AZN,İnşaatçılar m.,3 otaqlı,115 m²,8/12 mərtəbə
300 000,AZN,Bayıl q.,2 otaqlı,87 m²,5/17 mərtəbə
57 000,AZN,Saray q.,2 otaqlı,60 m²,8/10 mərtəbə
286 000,AZN,Şah İsmayıl Xətai m.,4 otaqlı,136 m²,3/16 mərtəbə
250 000,AZN,Nəsimi m.,3 otaqlı,119 m²,7/17 mərtəbə
315 000,AZN,8 Noyabr m.,3 otaqlı,126 m²,9/14 mərtəbə
198 000,AZN,İnşaatçılar m.,3 otaqlı,85 m²,3/9 mərtəbə
249 000,AZN,28 May m.,2 otaqlı,75 m²,14/15 mərtəbə
179 500,AZN,Dərnəgül m.,2 otaqlı,66 m²,8/12 mərtəbə
297 000,AZN,Nərimanov r.,3 otaqlı,115 m²,2/14 mərtəbə
294 000,AZN,28 May m.,3 otaqlı,110 m²,17/18 mərtəbə
353 600,AZN,28 May m.,3 otaqlı,136 m²,13/17 mərtəbə
345 000,AZN,Nəsimi r.,3 otaqlı,100 m²,12/15 mərtəbə
195 000,AZN,28 May m.,2 otaqlı,77 m²,2/5 mərtəbə
544 000,AZN,Nəsimi r.,2 otaqlı,85 m²,1/30 mərtəbə
200 000,AZN,Əhmədli q.,2 otaqlı,82 m²,10/19 mərtəbə
418 684,AZN,Elmlər Akademiyası m.,2 otaqlı,110.2 m²,7/18 mərtəbə
485 520,AZN,Nardaran q.,2 otaqlı,102 m²,2/7 mərtəbə
225 000,AZN,Memar Əcəmi m.,3 otaqlı,96 m²,5/15 mərtəbə
135 000,AZN,Memar Əcəmi m.,2 otaqlı,50 m²,4/16 mərtəbə
239 000,AZN,Memar Əcəmi m.,3 otaqlı,101 m²,10/12 mərtəbə
480 000,AZN,Gənclik m.,3 otaqlı,147 m²,12/14 mərtəbə
560 000,AZN,Elmlər Akademiyası m.,3 otaqlı,162 m²,4/17 mərtəbə
267 000,AZN,Həzi Aslanov m.,4 otaqlı,133 m²,8/17 mərtəbə
125 000,AZN,Neftçilər m.,3 otaqlı,70 m²,1/5 mərtəbə
310 000,AZN,Badamdar q.,3 otaqlı,126 m²,4/18 mərtəbə
225 000,AZN,Nəriman Nərimanov m.,3 otaqlı,75 m²,4/4 mərtəbə
300 000,AZN,Həzi Aslanov m.,4 otaqlı,154 m²,15/17 mərtəbə
265 000,AZN,28 May m.,2 otaqlı,82 m²,14/16 mərtəbə
200 000,AZN,İnşaatçılar m.,4 otaqlı,100 m²,4/9 mərtəbə
359 000,AZN,28 May m.,3 otaqlı,130 m²,6/11 mərtəbə
225 000,AZN,Sahil m.,2 otaqlı,95 m²,8/10 mərtəbə
205 000,AZN,İçəri Şəhər m.,3 otaqlı,67 m²,2/7 mərtəbə
71 000,AZN,Masazır q.,2 otaqlı,57 m²,5/6 mərtəbə
185 000,AZN,Elmlər Akademiyası m.,3 otaqlı,100 m²,5/9 mərtəbə
152 000,AZN,Həzi Aslanov m.,2 otaqlı,51 m²,5/15 mərtəbə
495 000,AZN,Nəsimi r.,4 otaqlı,200 m²,13/15 mərtəbə
620 000,AZN,Nəsimi r.,5 otaqlı,230 m²,11/16 mərtəbə
430 000,AZN,Nərimanov r.,3 otaqlı,185 m²,5/17 mərtəbə
245 000,AZN,Yasamal r.,3 otaqlı,135 m²,8/16 mərtəbə
259 000,AZN,Nizami m.,3 otaqlı,105 m²,3/12 mərtəbə
138 243,AZN,20 Yanvar m.,2 otaqlı,68.1 m²,9/14 mərtəbə
263 865,AZN,Azadlıq Prospekti m.,3 otaqlı,107.7 m²,7/13 mərtəbə
880 000,AZN,Ağ şəhər q.,4 otaqlı,185 m²,12/20 mərtəbə
370 000,AZN,Şah İsmayıl Xətai m.,2 otaqlı,91 m²,15/20 mərtəbə
365 000,AZN,28 May m.,4 otaqlı,152 m²,8/18 mərtəbə
230 000,AZN,8 Noyabr m.,3 otaqlı,110 m²,13/18 mərtəbə
328 000,AZN,Nəriman Nərimanov m.,4 otaqlı,155 m²,8/17 mərtəbə
120 000,AZN,Həzi Aslanov q.,3 otaqlı,60 m²,1/9 mərtəbə
180 495,AZN,Yasamal q.,2 otaqlı,94.5 m²,13/14 mərtəbə
103 000,AZN,Bakıxanov q.,2 otaqlı,50 m²,1/5 mərtəbə
131 856,AZN,Yasamal q.,2 otaqlı,65.6 m²,2/14 mərtəbə
280 000,AZN,Şah İsmayıl Xətai m.,3 otaqlı,115 m²,4/24 mərtəbə
135 000,AZN,Memar Əcəmi m.,3 otaqlı,55 m²,2/5 mərtəbə
175 000,AZN,Nərimanov r.,2 otaqlı,55 m²,5/10 mərtəbə
178 488,AZN,20 Yanvar m.,2 otaqlı,88.8 m²,2/14 mərtəbə
89 000,AZN,Qaraçuxur q.,2 otaqlı,45 m²,1/9 mərtəbə
134 268,AZN,20 Yanvar m.,2 otaqlı,66.8 m²,2/14 mərtəbə
320 000,AZN,Nəsimi r.,3 otaqlı,118 m²,13/16 mərtəbə
150 000,AZN,9-cu mikrorayon q.,2 otaqlı,58 m²,5/17 mərtəbə
250 000,AZN,Nəriman Nərimanov m.,3 otaqlı,70 m²,6/9 mərtəbə
154 000,AZN,9-cu mikrorayon q.,2 otaqlı,62 m²,4/9 mərtəbə
255 000,AZN,Elmlər Akademiyası m.,3 otaqlı,110 m²,16/17 mərtəbə
217 740,AZN,Yasamal q.,3 otaqlı,114.6 m²,3/14 mərtəbə
131 433,AZN,20 Yanvar m.,2 otaqlı,68.1 m²,7/14 mərtəbə
199 264,AZN,İnşaatçılar m.,2 otaqlı,95.8 m²,4/14 mərtəbə
259 000,AZN,Elmlər Akademiyası m.,3 otaqlı,100 m²,6/9 mərtəbə
345 000,AZN,Sahil m.,2 otaqlı,75 m²,5/5 mərtəbə
303 000,AZN,Bayıl q.,3 otaqlı,116 m²,10/16 mərtəbə
114 000,AZN,Həzi Aslanov m.,2 otaqlı,60 m²,1/9 mərtəbə
480 000,AZN,Nəsimi r.,4 otaqlı,200 m²,16/17 mərtəbə
264 141,AZN,Nərimanov r.,2 otaqlı,97.8 m²,4/17 mərtəbə
173 000,AZN,Memar Əcəmi m.,3 otaqlı,70 m²,3/5 mərtəbə
250 000,AZN,Şah İsmayıl Xətai m.,2 otaqlı,68 m²,14/16 mərtəbə
144 000,AZN,Elmlər Akademiyası m.,2 otaqlı,65 m²,8/17 mərtəbə
165 000,AZN,Azadlıq Prospekti m.,2 otaqlı,43 m²,4/16 mərtəbə
135 500,AZN,Memar Əcəmi m.,2 otaqlı,45 m²,2/5 mərtəbə
350 000,AZN,28 May m.,3 otaqlı,155 m²,9/14 mərtəbə
255 000,AZN,İnşaatçılar m.,3 otaqlı,90 m²,6/9 mərtəbə
222 000,AZN,Həzi Aslanov m.,3 otaqlı,101 m²,9/16 mərtəbə
950 000,AZN,Elmlər Akademiyası m.,5 otaqlı,298 m²,10/18 mərtəbə
335 000,AZN,Qara Qarayev m.,3 otaqlı,135 m²,5/18 mərtəbə
175 000,AZN,Həzi Aslanov q.,2 otaqlı,75 m²,9/16 mərtəbə
709 000,AZN,Nəsimi r.,4 otaqlı,231.5 m²,5/17 mərtəbə
228 000,AZN,Nəsimi r.,2 otaqlı,60 m²,11/20 mərtəbə
130 000,AZN,Yeni Yasamal q.,2 otaqlı,103 m²,6/12 mərtəbə
135 000,AZN,Neftçilər m.,2 otaqlı,60 m²,5/9 mərtəbə
99 000,AZN,Azadlıq Prospekti m.,2 otaqlı,40 m²,3/5 mərtəbə
230 000,AZN,Elmlər Akademiyası m.,2 otaqlı,99 m²,3/15 mərtəbə
242 000,AZN,Elmlər Akademiyası m.,2 otaqlı,68 m²,14/17 mərtəbə
240 000,AZN,20 Yanvar m.,3 otaqlı,105 m²,17/19 mərtəbə
299 000,AZN,İnşaatçılar m.,3 otaqlı,125 m²,7/19 mərtəbə
225 000,AZN,Həzi Aslanov m.,4 otaqlı,110 m²,1/5 mərtəbə
285 000,AZN,Elmlər Akademiyası m.,2 otaqlı,80 m²,11/17 mərtəbə
85 000,AZN,Yeni Günəşli q.,2 otaqlı,37 m²,6/16 mərtəbə
126 500,AZN,Massiv D q.,2 otaqlı,68 m²,4/12 mərtəbə
445 000,AZN,Elmlər Akademiyası m.,3 otaqlı,100 m²,3/16 mərtəbə
709 000,AZN,Nəsimi r.,4 otaqlı,232 m²,6/17 mərtəbə
385 000,AZN,Şah İsmayıl Xətai m.,3 otaqlı,143 m²,16/20 mərtəbə
2 465 000,AZN,Nəsimi r.,2 otaqlı,171.6 m²,21/33 mərtəbə
267 000,AZN,Həzi Aslanov m.,4 otaqlı,133 m²,8/17 mərtəbə
140 000,AZN,Əmircan q.,3 otaqlı,75.1 m²,5/5 mərtəbə
709 000,AZN,Nəsimi r.,4 otaqlı,232 m²,6/17 mərtəbə
170 000,AZN,Qara Qarayev m.,2 otaqlı,70 m²,4/16 mərtəbə
255 000,AZN,Bayıl q.,3 otaqlı,116 m²,6/16 mərtəbə
190 000,AZN,İnşaatçılar m.,3 otaqlı,86 m²,16/17 mərtəbə
245 000,AZN,Həzi Aslanov m.,3 otaqlı,111 m²,3/18 mərtəbə
459 990,AZN,Gənclik m.,3 otaqlı,136 m²,15/16 mərtəbə
660 000,AZN,Nizami m.,4 otaqlı,220 m²,10/18 mərtəbə
387 000,AZN,Elmlər Akademiyası m.,3 otaqlı,139 m²,2/13 mərtəbə
495 000,AZN,Gənclik m.,3 otaqlı,144 m²,6/14 mərtəbə
334 900,AZN,Nəriman Nərimanov m.,3 otaqlı,103 m²,6/14 mərtəbə
286 000,AZN,Qara Qarayev m.,3 otaqlı,110 m²,13/17 mərtəbə
165 000,AZN,Həzi Aslanov m.,3 otaqlı,75 m²,8/9 mərtəbə
210 000,AZN,İnşaatçılar m.,3 otaqlı,96 m²,2/11 mərtəbə
460 000,AZN,Memar Əcəmi m.,5 otaqlı,260 m²,14/14 mərtəbə
225 000,AZN,Həzi Aslanov m.,3 otaqlı,125 m²,20/20 mərtəbə
159 000,AZN,Həzi Aslanov m.,2 otaqlı,75 m²,11/17 mərtəbə
518 000,AZN,Ağ şəhər q.,3 otaqlı,140 m²,2/7 mərtəbə
123 500,AZN,Memar Əcəmi m.,2 otaqlı,55 m²,3/5 mərtəbə
175 000,AZN,Xətai r.,3 otaqlı,80 m²,3/7 mərtəbə
167 000,AZN,İnşaatçılar m.,3 otaqlı,80 m²,17/19 mərtəbə
234 000,AZN,28 May m.,2 otaqlı,84 m²,11/16 mərtəbə
120 000,AZN,Xocəsən q.,4 otaqlı,112 m²,4/9 mərtəbə
208 000,AZN,Nəriman Nərimanov m.,3 otaqlı,100 m²,5/5 mərtəbə
209 000,AZN,İnşaatçılar m.,3 otaqlı,63.2 m²,2/10 mərtəbə
218 000,AZN,Neftçilər m.,2 otaqlı,98.3 m²,12/18 mərtəbə
120 000,AZN,Həzi Aslanov m.,2 otaqlı,52 m²,4/9 mərtəbə
295 774,AZN,Nardaran q.,1 otaqlı,49.7 m²,3/4 mərtəbə
128 000,AZN,Neftçilər m.,2 otaqlı,55 m²,4/5 mərtəbə
180 000,AZN,Nərimanov r.,3 otaqlı,90 m²,3/5 mərtəbə
200 000,AZN,Nərimanov r.,3 otaqlı,90 m²,7/9 mərtəbə
150 000,AZN,Köhnə Günəşli q.,4 otaqlı,87 m²,8/9 mərtəbə
165 000,AZN,Bakıxanov q.,3 otaqlı,65 m²,3/3 mərtəbə
138 000,AZN,Nizami r.,2 otaqlı,55 m²,14/19 mərtəbə
380 000,AZN,Nizami m.,3 otaqlı,125.7 m²,8/12 mərtəbə
260 000,AZN,Buzovna q.,3 otaqlı,130 m²,2/3 mərtəbə
625 000,AZN,Nizami m.,4 otaqlı,180 m²,19/24 mərtəbə
105 000,AZN,Qara Qarayev m.,2 otaqlı,55 m²,5/5 mərtəbə
375 000,AZN,Yasamal r.,3 otaqlı,108 m²,9/27 mərtəbə
225 000,AZN,28 May m.,3 otaqlı,90 m²,3/17 mərtəbə
305 000,AZN,Nərimanov r.,3 otaqlı,112 m²,7/14 mərtəbə
389 000,AZN,Bayıl q.,3 otaqlı,117 m²,15/17 mərtəbə
410 000,AZN,Gənclik m.,4 otaqlı,161 m²,4/16 mərtəbə
665 000,AZN,Nizami m.,4 otaqlı,190 m²,19/24 mərtəbə
309 000,AZN,8 Noyabr m.,2 otaqlı,105 m²,27/27 mərtəbə
263 000,AZN,Şah İsmayıl Xətai m.,3 otaqlı,89 m²,3/16 mərtəbə
180 000,AZN,Əhmədli m.,4 otaqlı,105 m²,9/9 mərtəbə
272 000,AZN,Xətai r.,3 otaqlı,136 m²,2/6 mərtəbə
96 000,AZN,Zabrat q.,2 otaqlı,73 m²,7/10 mərtəbə
165 000,AZN,Neftçilər m.,3 otaqlı,68 m²,3/5 mərtəbə
280 000,AZN,Elmlər Akademiyası m.,3 otaqlı,100 m²,7/15 mərtəbə
145 000,AZN,Köhnə Günəşli q.,3 otaqlı,80 m²,7/9 mərtəbə
182 000,AZN,Bayıl q.,5 otaqlı,120 m²,6/7 mərtəbə
255 000,AZN,Səbail r.,3 otaqlı,120 m²,6/16 mərtəbə
230 000,AZN,Nardaran q.,1 otaqlı,54 m²,3/5 mərtəbə
85 000,AZN,Masazır q.,2 otaqlı,79 m²,3/4 mərtəbə
165 000,AZN,Yeni Yasamal q.,2 otaqlı,82 m²,10/18 mərtəbə
801 000,AZN,Nizami m.,5 otaqlı,267 m²,9/16 mərtəbə
249 000,AZN,Nəriman Nərimanov m.,2 otaqlı,75 m²,14/15 mərtəbə
420 000,AZN,8 Noyabr m.,4 otaqlı,202 m²,4/15 mərtəbə
445 000,AZN,Elmlər Akademiyası m.,4 otaqlı,150 m²,9/15 mərtəbə
310 000,AZN,Gənclik m.,3 otaqlı,128 m²,5/17 mərtəbə
195 000,AZN,9-cu mikrorayon q.,3 otaqlı,92 m²,18/19 mərtəbə
590 000,AZN,Elmlər Akademiyası m.,5 otaqlı,250 m²,17/18 mərtəbə
395 000,AZN,Gənclik m.,3 otaqlı,130 m²,5/16 mərtəbə
225 000,AZN,Nəsimi m.,2 otaqlı,105 m²,15/18 mərtəbə
220 000,AZN,İçəri Şəhər m.,3 otaqlı,80 m²,3/4 mərtəbə
450 000,AZN,İçəri Şəhər m.,4 otaqlı,165 m²,2/3 mərtəbə
145 000,AZN,İnşaatçılar m.,2 otaqlı,66 m²,2/9 mərtəbə
1 200 000,AZN,Bayıl q.,5 otaqlı,300 m²,10/14 mərtəbə
80 000,AZN,Yeni Günəşli q.,4 otaqlı,138 m²,2/12 mərtəbə
368 000,AZN,Yasamal r.,3 otaqlı,148 m²,27/27 mərtəbə
280 800,AZN,28 May m.,2 otaqlı,108 m²,8/15 mərtəbə
130 000,AZN,20 Yanvar m.,2 otaqlı,82 m²,5/12 mərtəbə
215 000,AZN,Əhmədli q.,2 otaqlı,74 m²,18/19 mərtəbə
105 000,AZN,İnşaatçılar m.,1 otaqlı,35 m²,2/5 mərtəbə
299 000,AZN,Nizami m.,3 otaqlı,100 m²,5/15 mərtəbə
300 000,AZN,Nəriman Nərimanov m.,3 otaqlı,116 m²,13/16 mərtəbə
275 000,AZN,Nəriman Nərimanov m.,3 otaqlı,136 m²,6/16 mərtəbə
258 000,AZN,Həzi Aslanov m.,3 otaqlı,145 m²,6/17 mərtəbə
178 000,AZN,8-ci kilometr q.,4 otaqlı,100 m²,3/5 mərtəbə
230 000,AZN,Elmlər Akademiyası m.,2 otaqlı,99 m²,3/15 mərtəbə
490 000,AZN,28 May m.,4 otaqlı,204 m²,3/14 mərtəbə
708 339,AZN,Nardaran q.,3 otaqlı,146.2 m²,4/7 mərtəbə
620 000,AZN,Nəsimi r.,5 otaqlı,230 m²,11/16 mərtəbə
178 000,AZN,Həzi Aslanov m.,3 otaqlı,100 m²,16/17 mərtəbə
298 000,AZN,Ağ şəhər q.,2 otaqlı,67.3 m²,3/18 mərtəbə
190 000,AZN,Badamdar q.,3 otaqlı,97.7 m²,13/17 mərtəbə
235 000,AZN,Nərimanov r.,3 otaqlı,73 m²,3/15 mərtəbə
174 000,AZN,Qara Qarayev m.,2 otaqlı,70 m²,4/17 mərtəbə
118 000,AZN,Memar Əcəmi m.,2 otaqlı,53 m²,1/5 mərtəbə
550 000,AZN,28 May m.,4 otaqlı,210 m²,16/22 mərtəbə
329 000,AZN,28 May m.,3 otaqlı,145 m²,5/14 mərtəbə
130 000,AZN,Yeni Günəşli q.,3 otaqlı,70 m²,3/12 mərtəbə
195 000,AZN,İçəri Şəhər m.,2 otaqlı,55 m²,5/5 mərtəbə
235 000,AZN,28 May m.,3 otaqlı,70 m²,6/6 mərtəbə
135 000,AZN,Bakıxanov q.,2 otaqlı,82 m²,3/19 mərtəbə
238 000,AZN,Elmlər Akademiyası m.,3 otaqlı,140 m²,4/19 mərtəbə
132 000,AZN,Neftçilər m.,3 otaqlı,60 m²,4/9 mərtəbə
430 000,AZN,Şah İsmayıl Xətai m.,4 otaqlı,205 m²,5/16 mərtəbə
239 000,AZN,Nəriman Nərimanov m.,2 otaqlı,70 m²,13/16 mərtəbə
345 000,AZN,Kubinka q.,3 otaqlı,101 m²,12/16 mərtəbə
181 000,AZN,Neftçilər m.,2 otaqlı,75 m²,15/16 mərtəbə
205 000,AZN,Qara Qarayev m.,3 otaqlı,78 m²,14/16 mərtəbə
218 000,AZN,20 Yanvar m.,3 otaqlı,89 m²,16/20 mərtəbə
96 400,AZN,Zabrat q.,2 otaqlı,73 m²,6/10 mərtəbə
150 000,AZN,Yeni Günəşli q.,3 otaqlı,80.5 m²,10/14 mərtəbə
205 000,AZN,Nərimanov r.,2 otaqlı,60 m²,6/12 mərtəbə
118 000,AZN,Gənclik m.,2 otaqlı,38 m²,4/5 mərtəbə
134 268,AZN,20 Yanvar m.,2 otaqlı,66.8 m²,2/14 mərtəbə
120 000,AZN,Binəqədi r.,2 otaqlı,64 m²,7/9 mərtəbə
425 320,AZN,Nərimanov r.,4 otaqlı,171.5 m²,20/20 mərtəbə
425 000,AZN,Şah İsmayıl Xətai m.,3 otaqlı,135 m²,4/16 mərtəbə
113 000,AZN,Xalqlar Dostluğu m.,2 otaqlı,45 m²,2/9 mərtəbə
189 000,AZN,Xalqlar Dostluğu m.,3 otaqlı,80 m²,4/5 mərtəbə
282 000,AZN,Şah İsmayıl Xətai m.,3 otaqlı,157 m²,22/23 mərtəbə
285 000,AZN,Nərimanov r.,3 otaqlı,100 m²,14/17 mərtəbə
315 000,AZN,Azadlıq Prospekti m.,5 otaqlı,220 m²,15/17 mərtəbə
129 000,AZN,Nəsimi m.,2 otaqlı,55 m²,2/18 mərtəbə
380 000,AZN,Elmlər Akademiyası m.,3 otaqlı,162 m²,10/17 mərtəbə
335 000,AZN,Elmlər Akademiyası m.,5 otaqlı,145 m²,2/5 mərtəbə
328 000,AZN,28 May m.,3 otaqlı,104 m²,16/17 mərtəbə
205 000,AZN,Yeni Yasamal q.,3 otaqlı,110 m²,20/21 mərtəbə
409 000,AZN,Nərimanov r.,4 otaqlı,186 m²,17/17 mərtəbə
211 000,AZN,Şah İsmayıl Xətai m.,1 otaqlı,73 m²,4/20 mərtəbə
244 000,AZN,Gənclik m.,2 otaqlı,92 m²,11/17 mərtəbə
420 000,AZN,Gənclik m.,3 otaqlı,153 m²,10/11 mərtəbə
99 000,AZN,Sahil m.,1 otaqlı,32 m²,2/2 mərtəbə
187 680,AZN,20 Yanvar m.,2 otaqlı,81.6 m²,1/20 mərtəbə
133 576,AZN,20 Yanvar m.,2 otaqlı,47.2 m²,19/20 mərtəbə
368 000,AZN,İçəri Şəhər m.,2 otaqlı,98 m²,6/16 mərtəbə
183 000,AZN,8-ci mikrorayon q.,2 otaqlı,85 m²,7/17 mərtəbə
1 224 000,AZN,Nəsimi r.,1 otaqlı,97.8 m²,20/33 mərtəbə
330 000,AZN,Nəsimi r.,3 otaqlı,85 m²,4/18 mərtəbə
1 938 000,AZN,Nəsimi r.,2 otaqlı,201 m²,9/33 mərtəbə
208 000,AZN,Nərimanov r.,2 otaqlı,53 m²,3/10 mərtəbə
1 479 000,AZN,Nəsimi r.,1 otaqlı,88.6 m²,17/33 mərtəbə
485 000,AZN,Nəriman Nərimanov m.,4 otaqlı,178 m²,15/17 mərtəbə
115 500,AZN,Bakıxanov q.,2 otaqlı,45 m²,3/9 mərtəbə
425 320,AZN,Nərimanov r.,4 otaqlı,171.5 m²,20/20 mərtəbə
150 000,AZN,Nəriman Nərimanov m.,1 otaqlı,67 m²,17/19 mərtəbə
175 000,AZN,Əhmədli m.,5 otaqlı,120 m²,1/9 mərtəbə
142 000,AZN,Massiv D q.,4 otaqlı,100 m²,1/10 mərtəbə
102 000,AZN,Qara Qarayev m.,1 otaqlı,36 m²,5/15 mərtəbə
225 000,AZN,Xətai r.,2 otaqlı,95.5 m²,6/20 mərtəbə
149 000,AZN,Həzi Aslanov m.,2 otaqlı,54 m²,5/15 mərtəbə
220 000,AZN,İnşaatçılar m.,4 otaqlı,120 m²,3/9 mərtəbə
1 955 000,AZN,Nəsimi r.,2 otaqlı,139.7 m²,10/33 mərtəbə
235 000,AZN,Nəriman Nərimanov m.,3 otaqlı,102 m²,4/16 mərtəbə
295 000,AZN,Nəsimi r.,2 otaqlı,83 m²,9/16 mərtəbə
127 000,AZN,İnşaatçılar m.,2 otaqlı,68 m²,7/9 mərtəbə
340 000,AZN,Xətai r.,3 otaqlı,130 m²,6/17 mərtəbə
170 000,AZN,Gənclik m.,2 otaqlı,66.2 m²,4/14 mərtəbə
485 000,AZN,Gənclik m.,4 otaqlı,178 m²,15/18 mərtəbə
198 000,AZN,Şah İsmayıl Xətai m.,1 otaqlı,68.3 m²,3/20 mərtəbə
2 465 000,AZN,Nəsimi r.,2 otaqlı,171.6 m²,21/33 mərtəbə
75 000,AZN,Masazır q.,2 otaqlı,60 m²,5/6 mərtəbə
140 000,AZN,İnşaatçılar m.,3 otaqlı,140 m²,11/11 mərtəbə
400 000,AZN,Şah İsmayıl Xətai m.,3 otaqlı,127.4 m²,11/20 mərtəbə
395 000,AZN,Nəsimi r.,2 otaqlı,78 m²,12/23 mərtəbə
275 000,AZN,Nəriman Nərimanov m.,2 otaqlı,84 m²,8/14 mərtəbə
196 000,AZN,20 Yanvar m.,3 otaqlı,80 m²,3/10 mərtəbə
157 000,AZN,Nəsimi m.,3 otaqlı,65 m²,3/9 mərtəbə
325 000,AZN,Nəsimi r.,3 otaqlı,145 m²,7/16 mərtəbə
631 168,AZN,Ağ şəhər q.,3 otaqlı,99.1 m²,5/7 mərtəbə
114 000,AZN,Biləcəri q.,3 otaqlı,60 m²,2/5 mərtəbə
420 000,AZN,Elmlər Akademiyası m.,3 otaqlı,114 m²,11/22 mərtəbə
669 460,AZN,Nəsimi r.,4 otaqlı,196.9 m²,16/16 mərtəbə
122 000,AZN,Memar Əcəmi m.,2 otaqlı,45 m²,4/5 mərtəbə
637 640,AZN,Ağ şəhər q.,2 otaqlı,99 m²,5/7 mərtəbə
149 000,AZN,Badamdar q.,4 otaqlı,125 m²,16/17 mərtəbə
361 300,AZN,Gənclik m.,2 otaqlı,78.2 m²,12/18 mərtəbə
214 500,AZN,Gənclik m.,3 otaqlı,110 m²,8/9 mərtəbə
585 000,AZN,28 May m.,4 otaqlı,188 m²,9/17 mərtəbə
230 000,AZN,Şah İsmayıl Xətai m.,3 otaqlı,101 m²,15/24 mərtəbə
165 000,AZN,Yeni Yasamal q.,2 otaqlı,82 m²,10/18 mərtəbə
102 000,AZN,Sabunçu r.,2 otaqlı,50 m²,1/7 mərtəbə
210 000,AZN,Nəsimi r.,2 otaqlı,85 m²,9/12 mərtəbə
620 575,AZN,Ağ şəhər q.,3 otaqlı,97.4 m²,6/8 mərtəbə
549 900,AZN,28 May m.,4 otaqlı,235 m²,10/19 mərtəbə
293 000,AZN,Həzi Aslanov m.,4 otaqlı,127 m²,16/17 mərtəbə
185 000,AZN,Azadlıq Prospekti m.,2 otaqlı,75 m²,16/22 mərtəbə
625 564,AZN,Ağ şəhər q.,3 otaqlı,98.2 m²,5/8 mərtəbə
75 000,AZN,Ceyranbatan q.,3 otaqlı,68 m²,2/5 mərtəbə
385 000,AZN,8 Noyabr m.,3 otaqlı,137 m²,5/12 mərtəbə
624 551,AZN,Ağ şəhər q.,3 otaqlı,103 m²,5/8 mərtəbə
560 000,AZN,Elmlər Akademiyası m.,4 otaqlı,180.2 m²,15/18 mərtəbə
640 000,AZN,Elmlər Akademiyası m.,4 otaqlı,185.3 m²,15/18 mərtəbə
440 000,AZN,Elmlər Akademiyası m.,3 otaqlı,130 m²,5/15 mərtəbə
745 000,AZN,Elmlər Akademiyası m.,5 otaqlı,230.6 m²,15/17 mərtəbə
420 000,AZN,Elmlər Akademiyası m.,3 otaqlı,119.2 m²,12/18 mərtəbə
590 000,AZN,Elmlər Akademiyası m.,5 otaqlı,250 m²,17/19 mərtəbə
645 000,AZN,Elmlər Akademiyası m.,4 otaqlı,185.3 m²,14/18 mərtəbə
145 000,AZN,Qara Qarayev m.,2 otaqlı,52 m²,15/17 mərtəbə
177 000,AZN,Nardaran q.,1 otaqlı,50 m²,4/8 mərtəbə
268 000,AZN,Şah İsmayıl Xətai m.,3 otaqlı,80 m²,15/17 mərtəbə
627 130,AZN,Nardaran q.,2 otaqlı,105.4 m²,5/7 mərtəbə
565 000,AZN,Elmlər Akademiyası m.,4 otaqlı,180 m²,10/17 mərtəbə
230 000,AZN,Nizami m.,3 otaqlı,80 m²,4/9 mərtəbə
569 329,AZN,Ağ şəhər q.,3 otaqlı,92.9 m²,7/7 mərtəbə
399 000,AZN,Nizami m.,4 otaqlı,167 m²,10/17 mərtəbə
122 500,AZN,Nəriman Nərimanov m.,2 otaqlı,31 m²,3/4 mərtəbə
539 188,AZN,Ağ şəhər q.,2 otaqlı,90.6 m²,7/7 mərtəbə
67 300,AZN,Masazır q.,2 otaqlı,44 m²,2/6 mərtəbə
203 000,AZN,20 Yanvar m.,3 otaqlı,87 m²,16/20 mərtəbə
180 000,AZN,Həzi Aslanov m.,2 otaqlı,100 m²,4/20 mərtəbə
355 000,AZN,8 Noyabr m.,3 otaqlı,150 m²,6/18 mərtəbə
158 000,AZN,20 Yanvar m.,2 otaqlı,56 m²,6/20 mərtəbə
216 000,AZN,Nəsimi r.,2 otaqlı,66 m²,5/17 mərtəbə
280 000,AZN,Nardaran q.,2 otaqlı,76 m²,4/6 mərtəbə
425 000,AZN,Səbail r.,3 otaqlı,130 m²,15/18 mərtəbə
238 000,AZN,Əhmədli m.,3 otaqlı,115 m²,9/16 mərtəbə
490 000,AZN,Nərimanov r.,4 otaqlı,221 m²,5/14 mərtəbə
609 518,AZN,Nardaran q.,3 otaqlı,137.9 m²,6/7 mərtəbə
398 684,AZN,Nardaran q.,2 otaqlı,90.2 m²,1/7 mərtəbə
427 074,AZN,Nardaran q.,2 otaqlı,94.8 m²,4/7 mərtəbə
699 244,AZN,Nardaran q.,3 otaqlı,158.2 m²,2/7 mərtəbə
432 276,AZN,Nardaran q.,2 otaqlı,97.8 m²,2/7 mərtəbə
383 350,AZN,Nardaran q.,2 otaqlı,90.2 m²,1/7 mərtəbə
285 000,AZN,28 May m.,3 otaqlı,92 m²,15/17 mərtəbə
205 000,AZN,Yasamal r.,2 otaqlı,75 m²,15/22 mərtəbə
239 000,AZN,Nəriman Nərimanov m.,2 otaqlı,70 m²,13/16 mərtəbə
375 000,AZN,Azadlıq Prospekti m.,4 otaqlı,150 m²,15/18 mərtəbə
1 938 000,AZN,Nəsimi r.,2 otaqlı,201 m²,9/33 mərtəbə
670 000,AZN,Nərimanov r.,4 otaqlı,200 m²,11/16 mərtəbə
605 000,AZN,Nəriman Nərimanov m.,4 otaqlı,182 m²,16/18 mərtəbə
305 000,AZN,Həzi Aslanov m.,4 otaqlı,145 m²,12/16 mərtəbə
550 000,AZN,Nizami m.,3 otaqlı,157 m²,5/18 mərtəbə
178 000,AZN,Memar Əcəmi m.,3 otaqlı,78 m²,9/18 mərtəbə
265 000,AZN,Badamdar q.,3 otaqlı,131 m²,4/5 mərtəbə
178 000,AZN,Biləcəri q.,2 otaqlı,72.1 m²,3/15 mərtəbə
115 000,AZN,Köhnə Günəşli q.,2 otaqlı,60 m²,2/9 mərtəbə
708 339,AZN,Nardaran q.,3 otaqlı,146.2 m²,4/7 mərtəbə
426 360,AZN,Nardaran q.,2 otaqlı,91.2 m²,7/7 mərtəbə
409 292,AZN,Nardaran q.,2 otaqlı,92.6 m²,1/7 mərtəbə
485 520,AZN,Nardaran q.,2 otaqlı,102 m²,2/7 mərtəbə
521 322,AZN,Nardaran q.,2 otaqlı,107.6 m²,5/7 mərtəbə
683 485,AZN,Nardaran q.,3 otaqlı,146.2 m²,6/7 mərtəbə
240 000,AZN,İnşaatçılar m.,3 otaqlı,124 m²,17/18 mərtəbə
330 000,AZN,Nəsimi r.,4 otaqlı,178 m²,13/16 mərtəbə
159 000,AZN,Memar Əcəmi m.,3 otaqlı,80 m²,2/9 mərtəbə
139 000,AZN,Həzi Aslanov m.,2 otaqlı,63 m²,19/19 mərtəbə
410 000,AZN,Nəriman Nərimanov m.,4 otaqlı,320 m²,16/16 mərtəbə
133 000,AZN,Memar Əcəmi m.,2 otaqlı,55 m²,3/5 mərtəbə
286 000,AZN,Qara Qarayev m.,3 otaqlı,110 m²,13/17 mərtəbə
190 000,AZN,20 Yanvar m.,3 otaqlı,70 m²,13/20 mərtəbə
195 000,AZN,Həzi Aslanov m.,2 otaqlı,88 m²,6/16 mərtəbə
178 000,AZN,Qara Qarayev m.,2 otaqlı,70 m²,4/17 mərtəbə
298 000,AZN,Nəsimi r.,3 otaqlı,153 m²,8/17 mərtəbə
120 000,AZN,Nəriman Nərimanov m.,1 otaqlı,40 m²,4/5 mərtəbə
630 000,AZN,Nəsimi r.,3 otaqlı,180 m²,13/18 mərtəbə
1 400 000,AZN,28 May m.,4 otaqlı,233 m²,6/19 mərtəbə
98 000,AZN,İnşaatçılar m.,1 otaqlı,40 m²,1/9 mərtəbə
215 000,AZN,Nərimanov r.,3 otaqlı,90 m²,4/9 mərtəbə
288 000,AZN,28 May m.,2 otaqlı,71 m²,5/16 mərtəbə
209 000,AZN,20 Yanvar m.,3 otaqlı,95 m²,13/16 mərtəbə
107 000,AZN,Badamdar q.,2 otaqlı,34 m²,1/3 mərtəbə
415 000,AZN,Gənclik m.,3 otaqlı,128 m²,16/16 mərtəbə
245 000,AZN,Yasamal r.,3 otaqlı,135 m²,11/16 mərtəbə
189 000,AZN,Gənclik m.,2 otaqlı,55 m²,9/9 mərtəbə
134 000,AZN,Biləcəri q.,2 otaqlı,68 m²,10/16 mərtəbə
249 000,AZN,Memar Əcəmi m.,4 otaqlı,116 m²,4/16 mərtəbə
269 000,AZN,Gənclik m.,2 otaqlı,100 m²,12/19 mərtəbə
300 000,AZN,Nardaran q.,1 otaqlı,60 m²,2/7 mərtəbə
420 000,AZN,Nərimanov r.,4 otaqlı,170 m²,6/9 mərtəbə
710 000,AZN,Nəsimi r.,4 otaqlı,240 m²,6/19 mərtəbə
247 000,AZN,Şah İsmayıl Xətai m.,2 otaqlı,80.4 m²,16/17 mərtəbə
238 000,AZN,Şah İsmayıl Xətai m.,2 otaqlı,75 m²,14/16 mərtəbə
270 000,AZN,Qara Qarayev m.,3 otaqlı,125 m²,5/17 mərtəbə
167 000,AZN,Əhmədli m.,4 otaqlı,110 m²,2/5 mərtəbə
127 000,AZN,Yeni Günəşli q.,2 otaqlı,60 m²,2/16 mərtəbə
233 000,AZN,8 Noyabr m.,2 otaqlı,70 m²,15/17 mərtəbə
265 000,AZN,28 May m.,2 otaqlı,52 m²,4/5 mərtəbə
84 000,AZN,Masazır q.,3 otaqlı,70 m²,4/8 mərtəbə
185 000,AZN,Qara Qarayev m.,2 otaqlı,70 m²,16/19 mərtəbə
450 000,AZN,Xətai r.,3 otaqlı,100 m²,2/8 mərtəbə
75 000,AZN,Masazır q.,2 otaqlı,75 m²,8/8 mərtəbə
230 000,AZN,Yeni Yasamal q.,4 otaqlı,135 m²,6/17 mərtəbə
130 000,AZN,Nəriman Nərimanov m.,1 otaqlı,40 m²,14/17 mərtəbə
2 200 000,AZN,Nizami m.,5 otaqlı,440 m²,12/15 mərtəbə
340 000,AZN,Nəriman Nərimanov m.,3 otaqlı,86 m²,7/16 mərtəbə
280 000,AZN,Qara Qarayev m.,3 otaqlı,105 m²,16/18 mərtəbə
180 000,AZN,Elmlər Akademiyası m.,2 otaqlı,55 m²,4/5 mərtəbə
329 000,AZN,Nizami m.,2 otaqlı,100 m²,7/17 mərtəbə
153 000,AZN,Qara Qarayev m.,2 otaqlı,71 m²,17/19 mərtəbə
230 000,AZN,Yasamal r.,2 otaqlı,99 m²,3/16 mərtəbə
192 000,AZN,Gənclik m.,2 otaqlı,65 m²,14/16 mərtəbə
280 000,AZN,Şah İsmayıl Xətai m.,2 otaqlı,93 m²,15/17 mərtəbə
180 000,AZN,Nəsimi r.,1 otaqlı,38 m²,4/6 mərtəbə
138 000,AZN,Elmlər Akademiyası m.,2 otaqlı,52 m²,1/5 mərtəbə
299 000,AZN,Qara Qarayev m.,3 otaqlı,120 m²,14/17 mərtəbə
185 000,AZN,Memar Əcəmi m.,3 otaqlı,85 m²,6/9 mərtəbə
270 000,AZN,Nərimanov r.,2 otaqlı,84 m²,8/14 mərtəbə
630 000,AZN,Nizami m.,4 otaqlı,210 m²,5/14 mərtəbə
180 000,AZN,Memar Əcəmi m.,3 otaqlı,85 m²,2/9 mərtəbə
195 000,AZN,Biləcəri q.,3 otaqlı,112.4 m²,3/15 mərtəbə
165 000,AZN,İnşaatçılar m.,2 otaqlı,85 m²,16/18 mərtəbə
242 000,AZN,Nəriman Nərimanov m.,2 otaqlı,105 m²,3/15 mərtəbə
225 000,AZN,Memar Əcəmi m.,4 otaqlı,100 m²,3/9 mərtəbə
225 000,AZN,Memar Əcəmi m.,4 otaqlı,100 m²,3/9 mərtəbə
144 900,AZN,Neftçilər m.,1 otaqlı,65 m²,15/17 mərtəbə
260 000,AZN,28 May m.,3 otaqlı,125 m²,19/19 mərtəbə
159 000,AZN,9-cu mikrorayon q.,2 otaqlı,80 m²,2/9 mərtəbə
143 000,AZN,Qara Qarayev m.,2 otaqlı,54 m²,6/14 mərtəbə
106 000,AZN,Neftçilər m.,1 otaqlı,35 m²,2/5 mərtəbə
340 000,AZN,Nəriman Nərimanov m.,3 otaqlı,86 m²,7/16 mərtəbə
309 900,AZN,28 May m.,3 otaqlı,100 m²,6/12 mərtəbə
654 007,AZN,Ağ şəhər q.,3 otaqlı,103.6 m²,4/7 mərtəbə
592 719,AZN,Ağ şəhər q.,2 otaqlı,91.9 m²,5/7 mərtəbə
330 000,AZN,Şah İsmayıl Xətai m.,3 otaqlı,140 m²,10/16 mərtəbə
114 000,AZN,Köhnə Günəşli q.,2 otaqlı,60 m²,1/9 mərtəbə
115 000,AZN,Hövsan q.,3 otaqlı,70 m²,7/9 mərtəbə
265 000,AZN,Buzovna q.,4 otaqlı,218 m²,2/2 mərtəbə
355 000,AZN,28 May m.,3 otaqlı,123 m²,10/14 mərtəbə
110 000,AZN,Həzi Aslanov m.,2 otaqlı,67 m²,9/9 mərtəbə
90 000,AZN,Həzi Aslanov m.,2 otaqlı,47 m²,8/9 mərtəbə
250 000,AZN,9-cu mikrorayon q.,3 otaqlı,117 m²,7/17 mərtəbə
220 000,AZN,28 May m.,3 otaqlı,90 m²,5/5 mərtəbə
254 000,AZN,Həzi Aslanov m.,3 otaqlı,127 m²,14/17 mərtəbə
115 000,AZN,İnşaatçılar m.,2 otaqlı,70 m²,15/15 mərtəbə
185 000,AZN,Həzi Aslanov m.,3 otaqlı,87 m²,4/17 mərtəbə
159 000,AZN,Neftçilər m.,2 otaqlı,67 m²,18/19 mərtəbə
305 000,AZN,Elmlər Akademiyası m.,3 otaqlı,147 m²,12/16 mərtəbə
137 000,AZN,20 Yanvar m.,2 otaqlı,48 m²,11/20 mərtəbə
183 000,AZN,Həzi Aslanov m.,3 otaqlı,96 m²,16/17 mərtəbə
155 000,AZN,Neftçilər m.,2 otaqlı,62 m²,11/16 mərtəbə
263 000,AZN,Şah İsmayıl Xətai m.,3 otaqlı,89 m²,3/16 mərtəbə
127 000,AZN,Bakıxanov q.,2 otaqlı,55 m²,2/5 mərtəbə
205 000,AZN,Həzi Aslanov m.,2 otaqlı,83 m²,5/19 mərtəbə
123 000,AZN,Həzi Aslanov m.,2 otaqlı,55 m²,15/17 mərtəbə
570 000,AZN,Nəsimi r.,4 otaqlı,194 m²,6/16 mərtəbə
169 500,AZN,Həzi Aslanov m.,2 otaqlı,75 m²,3/20 mərtəbə
173 000,AZN,Həzi Aslanov m.,2 otaqlı,82 m²,2/15 mərtəbə
92 000,AZN,Əhmədli q.,1 otaqlı,50 m²,2/10 mərtəbə
83 000,AZN,Masazır q.,3 otaqlı,76 m²,5/6 mərtəbə
270 000,AZN,Ağ şəhər q.,2 otaqlı,54 m²,2/6 mərtəbə
400 000,AZN,Nəriman Nərimanov m.,4 otaqlı,184 m²,14/16 mərtəbə
275 000,AZN,Həzi Aslanov m.,3 otaqlı,138 m²,11/15 mərtəbə
130 000,AZN,Nəsimi r.,1 otaqlı,73 m²,4/12 mərtəbə
339 000,AZN,İnşaatçılar m.,3 otaqlı,132 m²,8/18 mərtəbə
285 000,AZN,Şah İsmayıl Xətai m.,2 otaqlı,104 m²,15/18 mərtəbə
224 000,AZN,Binəqədi r.,2 otaqlı,105 m²,8/16 mərtəbə
624 000,AZN,28 May m.,4 otaqlı,240 m²,15/20 mərtəbə
79 500,AZN,Masazır q.,2 otaqlı,70 m²,5/8 mərtəbə
127 000,AZN,Memar Əcəmi m.,3 otaqlı,45 m²,2/5 mərtəbə
139 000,AZN,Əhmədli m.,2 otaqlı,71 m²,7/19 mərtəbə
320 000,AZN,Qara Qarayev m.,3 otaqlı,110 m²,3/16 mərtəbə
87 000,AZN,Köhnə Günəşli q.,2 otaqlı,35.2 m²,9/9 mərtəbə
58 500,AZN,Masazır q.,2 otaqlı,44 m²,1/6 mərtəbə
122 000,AZN,Qara Qarayev m.,2 otaqlı,55 m²,2/5 mərtəbə
255 000,AZN,Yeni Yasamal q.,4 otaqlı,130 m²,6/18 mərtəbə
119 000,AZN,Masazır q.,3 otaqlı,92 m²,4/6 mərtəbə
165 000,AZN,Azadlıq Prospekti m.,2 otaqlı,45 m²,4/20 mərtəbə
275 000,AZN,Nəriman Nərimanov m.,3 otaqlı,100 m²,8/16 mərtəbə
230 000,AZN,Nəsimi r.,2 otaqlı,90 m²,8/10 mərtəbə
86 500,AZN,Masazır q.,2 otaqlı,70 m²,5/6 mərtəbə
115 000,AZN,Masazır q.,3 otaqlı,96 m²,4/6 mərtəbə
157 000,AZN,İnşaatçılar m.,2 otaqlı,68 m²,14/20 mərtəbə
335 000,AZN,Şah İsmayıl Xətai m.,3 otaqlı,79 m²,7/7 mərtəbə
135 000,AZN,Masazır q.,4 otaqlı,121 m²,7/8 mərtəbə
239 000,AZN,Şah İsmayıl Xətai m.,1 otaqlı,68.3 m²,14/20 mərtəbə
735 000,AZN,Nizami m.,4 otaqlı,157 m²,9/18 mərtəbə
460 000,AZN,Nardaran q.,2 otaqlı,79 m²,1/4 mərtəbə
56 000,AZN,Hövsan q.,1 otaqlı,40 m²,7/7 mərtəbə
210 000,AZN,28 May m.,2 otaqlı,51 m²,6/17 mərtəbə
200 000,AZN,Azadlıq Prospekti m.,3 otaqlı,98 m²,6/15 mərtəbə
600 000,AZN,20 Yanvar m.,6 otaqlı,420 m²,17/17 mərtəbə
49 500,AZN,Masazır q.,1 otaqlı,58 m²,12/15 mərtəbə
270 000,AZN,Ağ şəhər q.,2 otaqlı,54 m²,2/6 mərtəbə
67 000,AZN,Masazır q.,2 otaqlı,55 m²,2/7 mərtəbə
137 000,AZN,Biləcəri q.,3 otaqlı,70 m²,6/9 mərtəbə
237 000,AZN,8 Noyabr m.,2 otaqlı,67 m²,7/14 mərtəbə
168 000,AZN,NZS q.,3 otaqlı,96 m²,3/3 mərtəbə
92 000,AZN,Xalqlar Dostluğu m.,1 otaqlı,30 m²,5/5 mərtəbə
415 000,AZN,Şah İsmayıl Xətai m.,3 otaqlı,133 m²,9/20 mərtəbə
450 000,AZN,Nizami m.,4 otaqlı,158 m²,6/15 mərtəbə
115 000,AZN,9-cu mikrorayon q.,2 otaqlı,50 m²,8/9 mərtəbə
469 000,AZN,Nizami m.,4 otaqlı,162 m²,14/16 mərtəbə
312 000,AZN,Elmlər Akademiyası m.,3 otaqlı,115 m²,3/16 mərtəbə
345 000,AZN,8-ci kilometr q.,3 otaqlı,129 m²,10/19 mərtəbə
240 000,AZN,Qara Qarayev m.,3 otaqlı,109 m²,3/17 mərtəbə
454 900,AZN,Şah İsmayıl Xətai m.,4 otaqlı,166 m²,14/15 mərtəbə
170 000,AZN,Nərimanov r.,2 otaqlı,55 m²,8/9 mərtəbə
135 000,AZN,20 Yanvar m.,2 otaqlı,48 m²,18/20 mərtəbə
284 000,AZN,Koroğlu m.,3 otaqlı,128 m²,9/16 mərtəbə
237 000,AZN,Koroğlu m.,2 otaqlı,106.9 m²,7/16 mərtəbə
360 000,AZN,İçəri Şəhər m.,2 otaqlı,82 m²,5/12 mərtəbə
320 000,AZN,Qara Qarayev m.,3 otaqlı,107 m²,4/17 mərtəbə
976 500,AZN,Ağ şəhər q.,5 otaqlı,279 m²,6/6 mərtəbə
560 000,AZN,28 May m.,4 otaqlı,217 m²,14/17 mərtəbə
270 000,AZN,Memar Əcəmi m.,3 otaqlı,115 m²,3/18 mərtəbə
112 000,AZN,Əhmədli m.,2 otaqlı,45 m²,17/17 mərtəbə
215 000,AZN,Əhmədli q.,2 otaqlı,74 m²,18/19 mərtəbə
171 000,AZN,Qara Qarayev m.,3 otaqlı,67 m²,15/18 mərtəbə
387 000,AZN,Bayıl q.,3 otaqlı,154.6 m²,14/17 mərtəbə
110 000,AZN,9-cu mikrorayon q.,1 otaqlı,45 m²,3/9 mərtəbə
325 000,AZN,Bayıl q.,5 otaqlı,170 m²,4/9 mərtəbə
520 000,AZN,28 May m.,4 otaqlı,189 m²,21/24 mərtəbə
335 000,AZN,Nəsimi r.,3 otaqlı,150 m²,4/17 mərtəbə
305 000,AZN,Nəriman Nərimanov m.,3 otaqlı,124 m²,14/20 mərtəbə
76 000,AZN,İnşaatçılar m.,3 otaqlı,80 m²,3/4 mərtəbə
117 000,AZN,Qara Qarayev m.,2 otaqlı,47 m²,1/17 mərtəbə
143 000,AZN,Əhmədli m.,2 otaqlı,54 m²,12/20 mərtəbə
550 000,AZN,Nəsimi r.,4 otaqlı,255 m²,17/20 mərtəbə
312 000,AZN,28 May m.,4 otaqlı,137 m²,13/15 mərtəbə
250 000,AZN,8 Noyabr m.,3 otaqlı,116 m²,15/17 mərtəbə
220 000,AZN,Nərimanov r.,2 otaqlı,102 m²,4/14 mərtəbə
334 000,AZN,Nəriman Nərimanov m.,4 otaqlı,174 m²,8/17 mərtəbə
210 000,AZN,Qara Qarayev m.,3 otaqlı,82 m²,14/16 mərtəbə
68 000,AZN,Masazır q.,3 otaqlı,65.5 m²,8/8 mərtəbə
160 000,AZN,Memar Əcəmi m.,3 otaqlı,90 m²,17/17 mərtəbə
55 000,AZN,Masazır q.,2 otaqlı,52 m²,6/6 mərtəbə
330 000,AZN,Neftçilər m.,3 otaqlı,137 m²,17/19 mərtəbə
139 000,AZN,Səbail r.,2 otaqlı,72 m²,2/16 mərtəbə
250 000,AZN,8 Noyabr m.,3 otaqlı,116 m²,14/17 mərtəbə
1 200 000,AZN,Sahil m.,6 otaqlı,302 m²,14/16 mərtəbə
299 000,AZN,Qara Qarayev m.,3 otaqlı,120 m²,14/17 mərtəbə
678 000,AZN,28 May m.,4 otaqlı,242 m²,12/17 mərtəbə
450 000,AZN,Nəsimi r.,5 otaqlı,238 m²,16/16 mərtəbə
177 000,AZN,Biləcəri q.,3 otaqlı,113 m²,13/14 mərtəbə
285 000,AZN,İnşaatçılar m.,3 otaqlı,130 m²,6/16 mərtəbə
125 000,AZN,Memar Əcəmi m.,4 otaqlı,40 m²,1/5 mərtəbə
365 000,AZN,28 May m.,4 otaqlı,152 m²,8/18 mərtəbə
160 000,AZN,9-cu mikrorayon q.,2 otaqlı,65 m²,7/9 mərtəbə
285 000,AZN,Şah İsmayıl Xətai m.,2 otaqlı,68.3 m²,12/20 mərtəbə
283 000,AZN,8-ci mikrorayon q.,3 otaqlı,98 m²,18/20 mərtəbə
338 000,AZN,Nəsimi r.,3 otaqlı,132 m²,16/18 mərtəbə
182 000,AZN,Nəsimi m.,3 otaqlı,100 m²,3/19 mərtəbə
215 000,AZN,Yeni Yasamal q.,2 otaqlı,80 m²,17/19 mərtəbə
127 700,AZN,Nəriman Nərimanov m.,2 otaqlı,45 m²,4/4 mərtəbə
346 000,AZN,Gənclik m.,3 otaqlı,119 m²,5/15 mərtəbə
215 000,AZN,Nəsimi r.,3 otaqlı,80 m²,5/5 mərtəbə
270 000,AZN,28 May m.,3 otaqlı,115 m²,7/18 mərtəbə
123 000,AZN,Həzi Aslanov m.,2 otaqlı,68 m²,7/9 mərtəbə
460 000,AZN,Ağ şəhər q.,3 otaqlı,120 m²,7/7 mərtəbə
195 000,AZN,Şah İsmayıl Xətai m.,2 otaqlı,64.4 m²,13/16 mərtəbə
159 500,AZN,Neftçilər m.,3 otaqlı,120 m²,17/17 mərtəbə
359 900,AZN,Nizami m.,3 otaqlı,123 m²,2/5 mərtəbə
148 000,AZN,Abşeron r.,2 otaqlı,80 m²,3/9 mərtəbə
204 000,AZN,Elmlər Akademiyası m.,3 otaqlı,90 m²,10/18 mərtəbə
175 000,AZN,Həzi Aslanov m.,4 otaqlı,105 m²,5/9 mərtəbə
158 000,AZN,Azadlıq Prospekti m.,3 otaqlı,85 m²,5/5 mərtəbə
118 000,AZN,Neftçilər m.,2 otaqlı,65 m²,5/16 mərtəbə
165 000,AZN,Gənclik m.,3 otaqlı,65 m²,4/4 mərtəbə
420 000,AZN,Nizami m.,3 otaqlı,114 m²,7/16 mərtəbə
185 000,AZN,İnşaatçılar m.,2 otaqlı,103.4 m²,14/16 mərtəbə
214 000,AZN,Bakıxanov q.,3 otaqlı,103 m²,10/22 mərtəbə
159 000,AZN,Yeni Yasamal q.,3 otaqlı,90 m²,2/9 mərtəbə
192 000,AZN,Gənclik m.,2 otaqlı,65 m²,14/16 mərtəbə
165 000,AZN,Azadlıq Prospekti m.,2 otaqlı,60 m²,12/17 mərtəbə
370 000,AZN,28 May m.,3 otaqlı,130 m²,10/17 mərtəbə
145 000,AZN,Nizami r.,1 otaqlı,65 m²,15/17 mərtəbə
190 000,AZN,Qara Qarayev m.,3 otaqlı,85 m²,5/17 mərtəbə
222 000,AZN,Neftçilər m.,4 otaqlı,100 m²,7/9 mərtəbə
280 000,AZN,Yasamal q.,4 otaqlı,147 m²,7/22 mərtəbə
305 000,AZN,28 May m.,3 otaqlı,128 m²,16/16 mərtəbə
580 000,AZN,28 May m.,3 otaqlı,165 m²,12/15 mərtəbə
310 000,AZN,8 Noyabr m.,3 otaqlı,144.5 m²,10/16 mərtəbə
100 000,AZN,20 Yanvar m.,2 otaqlı,65 m²,17/17 mərtəbə
199 000,AZN,Gənclik m.,2 otaqlı,64 m²,14/16 mərtəbə
125 000,AZN,Əhmədli m.,2 otaqlı,47 m²,2/7 mərtəbə
315 000,AZN,İnşaatçılar m.,3 otaqlı,125 m²,3/19 mərtəbə
140 000,AZN,İnşaatçılar m.,1 otaqlı,47 m²,9/16 mərtəbə
155 000,AZN,Elmlər Akademiyası m.,2 otaqlı,55 m²,2/5 mərtəbə
286 000,AZN,Qara Qarayev m.,3 otaqlı,110 m²,13/17 mərtəbə
265 000,AZN,28 May m.,2 otaqlı,60 m²,4/5 mərtəbə
450 000,AZN,Nardaran q.,2 otaqlı,80 m²,1/4 mərtəbə
187 000,AZN,Həzi Aslanov m.,3 otaqlı,95 m²,17/18 mərtəbə
272 000,AZN,Nardaran q.,1 otaqlı,46 m²,4/5 mərtəbə
244 500,AZN,Şah İsmayıl Xətai m.,3 otaqlı,86 m²,2/20 mərtəbə
182 000,AZN,20 Yanvar m.,3 otaqlı,154 m²,19/21 mərtəbə
485 000,AZN,Nəriman Nərimanov m.,4 otaqlı,178 m²,15/17 mərtəbə
495 000,AZN,Nərimanov r.,3 otaqlı,138 m²,6/14 mərtəbə
169 000,AZN,Şah İsmayıl Xətai m.,1 otaqlı,61 m²,11/17 mərtəbə
285 000,AZN,Şah İsmayıl Xətai m.,2 otaqlı,105 m²,9/18 mərtəbə
550 000,AZN,28 May m.,4 otaqlı,208 m²,16/21 mərtəbə
217 357,AZN,Nardaran q.,1 otaqlı,55.5 m²,1/4 mərtəbə
155 000,AZN,Nərimanov r.,2 otaqlı,65 m²,4/5 mərtəbə
185 000,AZN,Xalqlar Dostluğu m.,3 otaqlı,120 m²,14/19 mərtəbə
247 000,AZN,Nərimanov r.,3 otaqlı,107 m²,14/14 mərtəbə
977 500,AZN,Nardaran q.,3 otaqlı,117 m²,5/6 mərtəbə
358 000,AZN,Nəsimi r.,3 otaqlı,126 m²,9/16 mərtəbə
155 000,AZN,Nəriman Nərimanov m.,2 otaqlı,55 m²,5/5 mərtəbə
175 000,AZN,8 Noyabr m.,2 otaqlı,75 m²,3/17 mərtəbə
146 000,AZN,İnşaatçılar m.,2 otaqlı,52 m²,10/12 mərtəbə
102 500,AZN,İnşaatçılar m.,2 otaqlı,50 m²,8/9 mərtəbə
199 000,AZN,Şah İsmayıl Xətai m.,2 otaqlı,69 m²,10/16 mərtəbə
249 000,AZN,Yasamal q.,3 otaqlı,170 m²,2/21 mərtəbə
219 900,AZN,Şah İsmayıl Xətai m.,2 otaqlı,58 m²,4/21 mərtəbə
860 000,AZN,İçəri Şəhər m.,5 otaqlı,277.7 m²,8/14 mərtəbə
119 000,AZN,İnşaatçılar m.,2 otaqlı,50 m²,4/16 mərtəbə
269 000,AZN,Əhmədli m.,3 otaqlı,134 m²,4/14 mərtəbə
970 000,AZN,İçəri Şəhər m.,4 otaqlı,130 m²,2/7 mərtəbə
365 000,AZN,İçəri Şəhər m.,3 otaqlı,100 m²,9/16 mərtəbə
238 000,AZN,İnşaatçılar m.,5 otaqlı,130 m²,3/9 mərtəbə
268 000,AZN,Şıxov q.,2 otaqlı,92 m²,5/6 mərtəbə
550 000,AZN,Elmlər Akademiyası m.,2 otaqlı,107 m²,14/18 mərtəbə
163 000,AZN,Memar Əcəmi m.,3 otaqlı,68 m²,8/9 mərtəbə
205 000,AZN,Nizami r.,2 otaqlı,80 m²,8/17 mərtəbə
229 000,AZN,Yeni Yasamal q.,3 otaqlı,135 m²,7/18 mərtəbə
79 000,AZN,Qara Qarayev m.,1 otaqlı,35 m²,2/16 mərtəbə
92 000,AZN,Lökbatan q.,2 otaqlı,65 m²,1/5 mərtəbə
147 000,AZN,Nərimanov r.,1 otaqlı,55 m²,13/15 mərtəbə
257 000,AZN,Nizami m.,2 otaqlı,85 m²,4/14 mərtəbə
385 000,AZN,Şah İsmayıl Xətai m.,3 otaqlı,143 m²,16/20 mərtəbə
255 000,AZN,Şah İsmayıl Xətai m.,3 otaqlı,100 m²,15/17 mərtəbə
165 000,AZN,Neftçilər m.,2 otaqlı,67 m²,2/17 mərtəbə
217 000,AZN,Nardaran q.,1 otaqlı,53 m²,6/7 mərtəbə
511 000,AZN,İçəri Şəhər m.,3 otaqlı,196.9 m²,2/14 mərtəbə
131 000,AZN,Yasamal r.,2 otaqlı,101 m²,15/17 mərtəbə
230 000,AZN,Nardaran q.,1 otaqlı,54 m²,3/5 mərtəbə
445 000,AZN,Nardaran q.,2 otaqlı,84 m²,3/8 mərtəbə
325 000,AZN,Bayıl q.,5 otaqlı,170 m²,4/9 mərtəbə
168 000,AZN,Memar Əcəmi m.,2 otaqlı,65 m²,5/8 mərtəbə
329 000,AZN,8 Noyabr m.,3 otaqlı,143 m²,8/18 mərtəbə
375 000,AZN,Elmlər Akademiyası m.,2 otaqlı,86 m²,12/17 mərtəbə
153 000,AZN,Neftçilər m.,2 otaqlı,71 m²,17/18 mərtəbə
677 600,AZN,Sahil m.,4 otaqlı,176 m²,10/12 mərtəbə
279 000,AZN,Həzi Aslanov m.,4 otaqlı,155 m²,16/20 mərtəbə
200 000,AZN,Həzi Aslanov m.,3 otaqlı,96 m²,16/20 mərtəbə
245 000,AZN,Xətai r.,3 otaqlı,109 m²,5/18 mərtəbə
183 000,AZN,Qara Qarayev m.,2 otaqlı,68 m²,17/18 mərtəbə
204 000,AZN,Elmlər Akademiyası m.,3 otaqlı,89 m²,11/18 mərtəbə
409 000,AZN,Nəsimi r.,4 otaqlı,195 m²,17/17 mərtəbə
827 450,AZN,Nizami m.,4 otaqlı,247 m²,10/14 mərtəbə
180 000,AZN,Qara Qarayev m.,2 otaqlı,86 m²,9/17 mərtəbə
216 000,AZN,8 Noyabr m.,2 otaqlı,66 m²,5/17 mərtəbə
204 000,AZN,Badamdar q.,3 otaqlı,131.6 m²,1/5 mərtəbə
224 000,AZN,8 Noyabr m.,2 otaqlı,65 m²,14/17 mərtəbə
544 000,AZN,Nəsimi r.,2 otaqlı,85 m²,1/30 mərtəbə
145 000,AZN,Əhmədli m.,3 otaqlı,75 m²,3/18 mərtəbə
190 000,AZN,Bakıxanov q.,3 otaqlı,68 m²,12/12 mərtəbə
175 000,AZN,Həzi Aslanov m.,3 otaqlı,80 m²,8/10 mərtəbə
215 000,AZN,Qara Qarayev m.,3 otaqlı,91 m²,10/18 mərtəbə
215 000,AZN,20 Yanvar m.,3 otaqlı,75 m²,8/20 mərtəbə
465 000,AZN,Şah İsmayıl Xətai m.,4 otaqlı,214 m²,12/18 mərtəbə
388 000,AZN,Şah İsmayıl Xətai m.,3 otaqlı,131 m²,13/20 mərtəbə
624 000,AZN,28 May m.,4 otaqlı,240 m²,17/22 mərtəbə
194 000,AZN,Badamdar q.,3 otaqlı,125 m²,1/5 mərtəbə
79 000,AZN,Azadlıq Prospekti m.,3 otaqlı,50 m²,4/5 mərtəbə
255 000,AZN,Gənclik m.,2 otaqlı,60 m²,3/17 mərtəbə
257 000,AZN,Elmlər Akademiyası m.,4 otaqlı,110 m²,6/9 mərtəbə
183 000,AZN,Badamdar q.,3 otaqlı,118 m²,1/5 mərtəbə
370 000,AZN,Şah İsmayıl Xətai m.,3 otaqlı,160 m²,9/18 mərtəbə
140 000,AZN,Nərimanov r.,2 otaqlı,50 m²,2/4 mərtəbə
233 000,AZN,Badamdar q.,3 otaqlı,126.2 m²,3/5 mərtəbə
98 000,AZN,Azadlıq Prospekti m.,2 otaqlı,40 m²,2/5 mərtəbə
146 000,AZN,Həzi Aslanov m.,2 otaqlı,51 m²,7/15 mərtəbə
193 000,AZN,Nəriman Nərimanov m.,2 otaqlı,69 m²,4/16 mərtəbə
590 000,AZN,Ağ şəhər q.,4 otaqlı,157 m²,13/20 mərtəbə
192 000,AZN,Gənclik m.,2 otaqlı,65 m²,9/16 mərtəbə
442 000,AZN,Şah İsmayıl Xətai m.,3 otaqlı,147 m²,8/16 mərtəbə
47 300,AZN,Binə q.,3 otaqlı,86 m²,2/4 mərtəbə
240 000,AZN,Xətai r.,3 otaqlı,97 m²,14/17 mərtəbə
245 000,AZN,Elmlər Akademiyası m.,3 otaqlı,135 m²,7/17 mərtəbə
159 000,AZN,Dərnəgül m.,3 otaqlı,80 m²,5/5 mərtəbə
338 000,AZN,Nəsimi r.,3 otaqlı,130 m²,17/18 mərtəbə
229 000,AZN,Elmlər Akademiyası m.,3 otaqlı,130 m²,7/25 mərtəbə
485 000,AZN,Nardaran q.,3 otaqlı,127.3 m²,3/6 mərtəbə
275 000,AZN,Elmlər Akademiyası m.,3 otaqlı,105 m²,17/18 mərtəbə
140 000,AZN,İnşaatçılar m.,1 otaqlı,47 m²,9/16 mərtəbə
129 000,AZN,Bayıl q.,2 otaqlı,53 m²,3/6 mərtəbə
450 000,AZN,Koroğlu m.,3 otaqlı,172.2 m²,14/17 mərtəbə
168 000,AZN,Xətai r.,3 otaqlı,68 m²,6/9 mərtəbə
180 000,AZN,Elmlər Akademiyası m.,3 otaqlı,70 m²,2/5 mərtəbə
155 000,AZN,8-ci mikrorayon q.,2 otaqlı,60 m²,3/9 mərtəbə
350 000,AZN,8 Noyabr m.,4 otaqlı,130 m²,7/13 mərtəbə
175 000,AZN,Gənclik m.,1 otaqlı,65 m²,13/17 mərtəbə
190 000,AZN,Həzi Aslanov m.,3 otaqlı,105 m²,3/17 mərtəbə
260 000,AZN,Yasamal r.,3 otaqlı,75 m²,8/10 mərtəbə
381 000,AZN,Elmlər Akademiyası m.,2 otaqlı,130 m²,4/19 mərtəbə
175 000,AZN,Əhmədli q.,2 otaqlı,95 m²,14/15 mərtəbə
320 000,AZN,Koroğlu m.,3 otaqlı,130 m²,6/17 mərtəbə
264 000,AZN,Badamdar q.,4 otaqlı,125 m²,16/17 mərtəbə
135 000,AZN,Yasamal r.,3 otaqlı,114 m²,23/23 mərtəbə
110 000,AZN,Nərimanov r.,2 otaqlı,50 m²,5/5 mərtəbə
218 000,AZN,Nizami m.,3 otaqlı,71.1 m²,5/5 mərtəbə
122 000,AZN,Yeni Yasamal q.,2 otaqlı,61 m²,3/18 mərtəbə
226 000,AZN,Böyükşor q.,2 otaqlı,113 m²,12/16 mərtəbə
105 000,AZN,Hövsan q.,3 otaqlı,70 m²,2/5 mərtəbə
440 000,AZN,28 May m.,2 otaqlı,85 m²,19/23 mərtəbə
280 000,AZN,Badamdar q.,3 otaqlı,110 m²,13/19 mərtəbə
98 000,AZN,Yeni Yasamal q.,2 otaqlı,50 m²,3/18 mərtəbə
155 000,AZN,Həzi Aslanov m.,2 otaqlı,85 m²,10/16 mərtəbə
125 000,AZN,Yeni Günəşli q.,3 otaqlı,66 m²,2/9 mərtəbə
270 000,AZN,Ağ şəhər q.,2 otaqlı,56 m²,2/7 mərtəbə
135 000,AZN,Yasamal r.,3 otaqlı,114 m²,23/23 mərtəbə
106 500,AZN,Memar Əcəmi m.,1 otaqlı,32 m²,5/5 mərtəbə
830 000,AZN,Ağ şəhər q.,5 otaqlı,220 m²,14/20 mərtəbə
210 000,AZN,Nəriman Nərimanov m.,2 otaqlı,66 m²,10/17 mərtəbə
585 000,AZN,Gənclik m.,3 otaqlı,138 m²,6/14 mərtəbə
285 000,AZN,İnşaatçılar m.,4 otaqlı,160 m²,16/17 mərtəbə
146 000,AZN,Xalqlar Dostluğu m.,2 otaqlı,62 m²,8/9 mərtəbə
205 000,AZN,Bakıxanov q.,2 otaqlı,76 m²,3/12 mərtəbə
260 000,AZN,Şah İsmayıl Xətai m.,2 otaqlı,65 m²,10/21 mərtəbə
360 000,AZN,28 May m.,3 otaqlı,150 m²,11/18 mərtəbə
121 000,AZN,Əhmədli m.,2 otaqlı,52 m²,2/16 mərtəbə
648 000,AZN,Xətai r.,3 otaqlı,144 m²,4/8 mərtəbə
140 000,AZN,20 Yanvar m.,2 otaqlı,47 m²,4/19 mərtəbə
125 000,AZN,Həzi Aslanov m.,2 otaqlı,50 m²,4/17 mərtəbə
135 000,AZN,Nəriman Nərimanov m.,2 otaqlı,35 m²,4/5 mərtəbə
270 000,AZN,Şah İsmayıl Xətai m.,3 otaqlı,97 m²,9/16 mərtəbə
255 000,AZN,Azadlıq Prospekti m.,4 otaqlı,115 m²,3/9 mərtəbə
138 000,AZN,Lökbatan q.,2 otaqlı,90 m²,3/9 mərtəbə
229 000,AZN,Nərimanov r.,4 otaqlı,105 m²,9/10 mərtəbə
350 000,AZN,İnşaatçılar m.,3 otaqlı,130 m²,3/18 mərtəbə
260 000,AZN,8 Noyabr m.,3 otaqlı,102 m²,8/16 mərtəbə
250 000,AZN,İnşaatçılar m.,4 otaqlı,125 m²,7/17 mərtəbə
127 000,AZN,Memar Əcəmi m.,2 otaqlı,55 m²,4/5 mərtəbə
70 000,AZN,Lökbatan q.,1 otaqlı,50 m²,8/12 mərtəbə
178 000,AZN,İnşaatçılar m.,3 otaqlı,86 m²,14/18 mərtəbə
361 300,AZN,Gənclik m.,2 otaqlı,78.2 m²,12/18 mərtəbə
135 000,AZN,Yasamal q.,2 otaqlı,50 m²,3/5 mərtəbə
330 140,AZN,Nəsimi r.,2 otaqlı,97.1 m²,13/16 mərtəbə
364 000,AZN,Nizami m.,2 otaqlı,104 m²,2/15 mərtəbə
288 320,AZN,Nardaran q.,1 otaqlı,64 m²,2/7 mərtəbə
300 000,AZN,Xətai r.,3 otaqlı,165 m²,14/22 mərtəbə
248 000,AZN,8-ci mikrorayon q.,3 otaqlı,155 m²,3/16 mərtəbə
165 000,AZN,Yasamal r.,4 otaqlı,85 m²,2/9 mərtəbə
287 000,AZN,20 Yanvar m.,4 otaqlı,127 m²,9/18 mərtəbə
280 000,AZN,28 May m.,3 otaqlı,90 m²,4/10 mərtəbə
158 000,AZN,Xalqlar Dostluğu m.,3 otaqlı,75 m²,6/9 mərtəbə
110 000,AZN,Qara Qarayev m.,3 otaqlı,68 m²,7/16 mərtəbə
130 000,AZN,Əhmədli m.,3 otaqlı,70 m²,3/9 mərtəbə
270 000,AZN,Memar Əcəmi m.,3 otaqlı,115 m²,3/18 mərtəbə
685 000,AZN,Ağ şəhər q.,4 otaqlı,160 m²,2/6 mərtəbə
153 000,AZN,Həzi Aslanov m.,2 otaqlı,57 m²,13/17 mərtəbə
260 000,AZN,28 May m.,2 otaqlı,104 m²,6/16 mərtəbə
235 000,AZN,20 Yanvar m.,3 otaqlı,105 m²,17/19 mərtəbə
420 000,AZN,Nəsimi r.,4 otaqlı,201 m²,4/16 mərtəbə
220 000,AZN,20 Yanvar m.,3 otaqlı,100 m²,6/12 mərtəbə
555 000,AZN,Ağ şəhər q.,3 otaqlı,140 m²,4/7 mərtəbə
380 000,AZN,Şah İsmayıl Xətai m.,3 otaqlı,120 m²,15/18 mərtəbə
245 000,AZN,Bakıxanov q.,3 otaqlı,110 m²,4/16 mərtəbə
430 000,AZN,8 Noyabr m.,4 otaqlı,178 m²,19/27 mərtəbə
330 000,AZN,8 Noyabr m.,3 otaqlı,148 m²,9/27 mərtəbə
136 000,AZN,Memar Əcəmi m.,2 otaqlı,58 m²,5/5 mərtəbə
229 000,AZN,Nəriman Nərimanov m.,2 otaqlı,70 m²,14/14 mərtəbə
176 000,AZN,İnşaatçılar m.,2 otaqlı,85 m²,7/17 mərtəbə
218 000,AZN,28 May m.,2 otaqlı,83 m²,15/18 mərtəbə
380 000,AZN,28 May m.,3 otaqlı,169 m²,16/18 mərtəbə
249 850,AZN,Nardaran q.,2 otaqlı,95 m²,4/9 mərtəbə
190 000,AZN,Azadlıq Prospekti m.,2 otaqlı,75 m²,7/16 mərtəbə
192 900,AZN,Nəsimi m.,2 otaqlı,93 m²,14/18 mərtəbə
330 140,AZN,Nəsimi r.,2 otaqlı,97.1 m²,13/16 mərtəbə
110 000,AZN,Yeni Yasamal q.,1 otaqlı,33 m²,1/9 mərtəbə
155 000,AZN,Memar Əcəmi m.,2 otaqlı,58 m²,12/16 mərtəbə
185 000,AZN,Bayıl q.,2 otaqlı,72 m²,4/17 mərtəbə
370 000,AZN,Nəriman Nərimanov m.,3 otaqlı,120 m²,5/17 mərtəbə
385 000,AZN,28 May m.,3 otaqlı,140 m²,5/17 mərtəbə
275 000,AZN,28 May m.,2 otaqlı,88 m²,7/17 mərtəbə
340 000,AZN,Nərimanov r.,3 otaqlı,125 m²,15/16 mərtəbə
220 000,AZN,Nərimanov r.,2 otaqlı,62 m²,7/11 mərtəbə
430 000,AZN,Nərimanov r.,3 otaqlı,185 m²,5/17 mərtəbə
210 000,AZN,Nəriman Nərimanov m.,2 otaqlı,54 m²,7/18 mərtəbə
350 000,AZN,İnşaatçılar m.,3 otaqlı,100 m²,16/17 mərtəbə
145 000,AZN,Yeni Günəşli q.,3 otaqlı,80 m²,5/9 mərtəbə
860 000,AZN,İçəri Şəhər m.,5 otaqlı,277.7 m²,8/15 mərtəbə
240 000,AZN,28 May m.,3 otaqlı,65 m²,5/6 mərtəbə
303 620,AZN,Həzi Aslanov q.,4 otaqlı,178.6 m²,13/16 mərtəbə
180 000,AZN,Həzi Aslanov m.,3 otaqlı,90 m²,6/9 mərtəbə
94 999,AZN,Hövsan q.,2 otaqlı,60 m²,5/9 mərtəbə
339 000,AZN,Nəriman Nərimanov m.,3 otaqlı,127 m²,15/17 mərtəbə
195 000,AZN,8 Noyabr m.,2 otaqlı,60 m²,10/11 mərtəbə
400 000,AZN,8 Noyabr m.,4 otaqlı,210 m²,15/16 mərtəbə
274 000,AZN,Gənclik m.,2 otaqlı,83 m²,11/17 mərtəbə
229 500,AZN,Əhmədli q.,3 otaqlı,100 m²,12/16 mərtəbə
1 985 000,AZN,İçəri Şəhər m.,9 otaqlı,584 m²,11/14 mərtəbə
310 000,AZN,Şah İsmayıl Xətai m.,4 otaqlı,130 m²,10/15 mərtəbə
185 000,AZN,Nəriman Nərimanov m.,2 otaqlı,65 m²,11/16 mərtəbə
26 000,AZN,Masazır q.,1 otaqlı,35 m²,1/2 mərtəbə
192 000,AZN,Gənclik m.,2 otaqlı,64 m²,14/16 mərtəbə
610 000,AZN,İçəri Şəhər m.,4 otaqlı,200 m²,9/16 mərtəbə
75 000,AZN,Masazır q.,3 otaqlı,56 m²,3/6 mərtəbə
164 000,AZN,Yasamal q.,3 otaqlı,93 m²,2/14 mərtəbə
206 000,AZN,İnşaatçılar m.,2 otaqlı,84.5 m²,12/16 mərtəbə
167 000,AZN,İnşaatçılar m.,3 otaqlı,78 m²,17/19 mərtəbə
125 000,AZN,Xalqlar Dostluğu m.,3 otaqlı,82 m²,15/15 mərtəbə
100 000,AZN,Qara Qarayev m.,2 otaqlı,37 m²,11/17 mərtəbə
242 000,AZN,Xətai r.,3 otaqlı,102 m²,6/16 mərtəbə
400 000,AZN,Nəsimi r.,4 otaqlı,175 m²,7/22 mərtəbə
185 000,AZN,Əhmədli m.,2 otaqlı,70 m²,9/11 mərtəbə
237 000,AZN,Azadlıq Prospekti m.,4 otaqlı,100 m²,3/5 mərtəbə
139 000,AZN,Azadlıq Prospekti m.,2 otaqlı,65 m²,1/5 mərtəbə
125 000,AZN,Yeni Yasamal q.,2 otaqlı,68 m²,18/19 mərtəbə
259 000,AZN,Nərimanov r.,2 otaqlı,85 m²,11/18 mərtəbə
525 000,AZN,Nəriman Nərimanov m.,4 otaqlı,201.6 m²,4/17 mərtəbə
875 000,AZN,Nərimanov r.,7 otaqlı,520 m²,17/18 mərtəbə
270 000,AZN,Nəsimi r.,2 otaqlı,84 m²,8/14 mərtəbə
260 000,AZN,Xətai r.,2 otaqlı,79 m²,6/17 mərtəbə
146 000,AZN,Həzi Aslanov m.,2 otaqlı,51.1 m²,7/15 mərtəbə
390 000,AZN,Nəriman Nərimanov m.,3 otaqlı,174 m²,6/16 mərtəbə
285 000,AZN,Nərimanov r.,3 otaqlı,100 m²,14/17 mərtəbə
340 000,AZN,8 Noyabr m.,3 otaqlı,100 m²,6/16 mərtəbə
427 000,AZN,Ağ şəhər q.,3 otaqlı,125 m²,7/7 mərtəbə
85 000,AZN,Masazır q.,3 otaqlı,75 m²,5/6 mərtəbə
337 000,AZN,Nərimanov r.,3 otaqlı,135 m²,10/18 mərtəbə
280 000,AZN,Nardaran q.,2 otaqlı,76 m²,4/6 mərtəbə
133 000,AZN,8 Noyabr m.,2 otaqlı,55 m²,2/5 mərtəbə
336 330,AZN,28 May m.,2 otaqlı,90.9 m²,7/16 mərtəbə
485 000,AZN,Nəriman Nərimanov m.,4 otaqlı,178 m²,15/17 mərtəbə
120 000,AZN,Memar Əcəmi m.,2 otaqlı,50 m²,6/9 mərtəbə
234 000,AZN,Memar Əcəmi m.,3 otaqlı,120 m²,7/17 mərtəbə
259 000,AZN,Nəriman Nərimanov m.,2 otaqlı,113 m²,16/17 mərtəbə
350 000,AZN,28 May m.,3 otaqlı,130 m²,6/14 mərtəbə
364 000,AZN,Nərimanov r.,4 otaqlı,152 m²,8/16 mərtəbə
145 000,AZN,Avtovağzal m.,2 otaqlı,65 m²,14/17 mərtəbə
250 000,AZN,İnşaatçılar m.,2 otaqlı,98 m²,14/17 mərtəbə
107 000,AZN,Memar Əcəmi m.,2 otaqlı,35 m²,5/5 mərtəbə
340 000,AZN,8 Noyabr m.,3 otaqlı,100 m²,6/16 mərtəbə
245 000,AZN,Xalqlar Dostluğu m.,3 otaqlı,127 m²,12/17 mərtəbə
163 000,AZN,Şah İsmayıl Xətai m.,2 otaqlı,42.5 m²,4/4 mərtəbə
495 000,AZN,Gənclik m.,3 otaqlı,161 m²,8/12 mərtəbə
331 000,AZN,Gənclik m.,3 otaqlı,155 m²,11/12 mərtəbə
590 000,AZN,Gənclik m.,4 otaqlı,200 m²,5/12 mərtəbə
1 200 000,AZN,Elmlər Akademiyası m.,5 otaqlı,285 m²,16/20 mərtəbə
115 500,AZN,Bakıxanov q.,2 otaqlı,45 m²,3/9 mərtəbə
295 000,AZN,Şah İsmayıl Xətai m.,3 otaqlı,123 m²,16/18 mərtəbə
257 000,AZN,Nizami m.,2 otaqlı,85 m²,4/16 mərtəbə
329 000,AZN,Azadlıq Prospekti m.,3 otaqlı,105 m²,6/17 mərtəbə
179 000,AZN,Gənclik m.,2 otaqlı,54 m²,2/16 mərtəbə
265 000,AZN,Şah İsmayıl Xətai m.,2 otaqlı,80.5 m²,16/18 mərtəbə
189 000,AZN,Nərimanov r.,2 otaqlı,60 m²,14/18 mərtəbə
229 000,AZN,Elmlər Akademiyası m.,3 otaqlı,130 m²,7/25 mərtəbə
445 000,AZN,Nəriman Nərimanov m.,3 otaqlı,153 m²,17/20 mərtəbə
53 500,AZN,Masazır q.,2 otaqlı,44 m²,6/6 mərtəbə
520 000,AZN,Elmlər Akademiyası m.,3 otaqlı,154 m²,11/20 mərtəbə
257 000,AZN,Xətai r.,3 otaqlı,130 m²,10/20 mərtəbə
270 000,AZN,Şah İsmayıl Xətai m.,3 otaqlı,95 m²,18/18 mərtəbə
134 000,AZN,Yeni Yasamal q.,2 otaqlı,61.5 m²,15/20 mərtəbə
87 750,AZN,Yeni Günəşli q.,1 otaqlı,58.5 m²,4/14 mərtəbə
177 000,AZN,Biləcəri q.,3 otaqlı,113 m²,13/14 mərtəbə
235 000,AZN,Nəsimi r.,3 otaqlı,147 m²,17/17 mərtəbə
318 500,AZN,8 Noyabr m.,3 otaqlı,100 m²,12/17 mərtəbə
250 000,AZN,Nəsimi m.,3 otaqlı,119 m²,7/17 mərtəbə
300 000,AZN,Nəriman Nərimanov m.,3 otaqlı,107 m²,5/8 mərtəbə
235 000,AZN,28 May m.,3 otaqlı,70 m²,6/6 mərtəbə
127 000,AZN,Bakıxanov q.,2 otaqlı,55 m²,2/5 mərtəbə
145 000,AZN,Gənclik m.,2 otaqlı,56 m²,5/5 mərtəbə
313 000,AZN,Yasamal r.,3 otaqlı,135 m²,15/16 mərtəbə
144 500,AZN,Azadlıq Prospekti m.,2 otaqlı,50 m²,12/17 mərtəbə
600 000,AZN,28 May m.,4 otaqlı,98 m²,3/10 mərtəbə
275 000,AZN,28 May m.,3 otaqlı,75 m²,5/9 mərtəbə
508 000,AZN,Nəriman Nərimanov m.,4 otaqlı,164 m²,3/17 mərtəbə
190 000,AZN,Gənclik m.,3 otaqlı,85 m²,8/9 mərtəbə
147 000,AZN,Bakıxanov q.,3 otaqlı,70 m²,5/9 mərtəbə
165 000,AZN,Xalqlar Dostluğu m.,2 otaqlı,60 m²,1/16 mərtəbə
168 000,AZN,Bakıxanov q.,2 otaqlı,65 m²,4/10 mərtəbə
95 000,AZN,Hövsan q.,2 otaqlı,65 m²,5/9 mərtəbə
119 000,AZN,Bakıxanov q.,3 otaqlı,92 m²,14/19 mərtəbə
175 000,AZN,Əhmədli q.,2 otaqlı,64 m²,16/17 mərtəbə
188 000,AZN,İnşaatçılar m.,2 otaqlı,68 m²,13/17 mərtəbə
255 000,AZN,Nizami m.,2 otaqlı,85 m²,4/14 mərtəbə
370 650,AZN,Yasamal r.,3 otaqlı,123.5 m²,6/14 mərtəbə
678 000,AZN,28 May m.,4 otaqlı,242 m²,12/17 mərtəbə
355 000,AZN,8 Noyabr m.,3 otaqlı,150 m²,6/18 mərtəbə
750 000,AZN,Nizami m.,5 otaqlı,234 m²,8/16 mərtəbə
255 000,AZN,Nizami m.,2 otaqlı,85 m²,4/14 mərtəbə
183 500,AZN,Koroğlu m.,2 otaqlı,79.3 m²,4/16 mərtəbə
108 000,AZN,Elmlər Akademiyası m.,1 otaqlı,35 m²,2/5 mərtəbə
102 000,AZN,Yeni Yasamal q.,2 otaqlı,45 m²,7/9 mərtəbə
295 000,AZN,İçəri Şəhər m.,3 otaqlı,97 m²,4/16 mərtəbə
394 800,AZN,28 May m.,3 otaqlı,188 m²,9/20 mərtəbə
335 000,AZN,Elmlər Akademiyası m.,5 otaqlı,110 m²,2/5 mərtəbə
145 000,AZN,Neftçilər m.,3 otaqlı,70 m²,2/9 mərtəbə
134 000,AZN,İnşaatçılar m.,2 otaqlı,42 m²,5/5 mərtəbə
361 300,AZN,Gənclik m.,2 otaqlı,79 m²,12/18 mərtəbə
64 500,AZN,Masazır q.,3 otaqlı,52 m²,2/6 mərtəbə
225 000,AZN,Memar Əcəmi m.,3 otaqlı,82 m²,3/17 mərtəbə
180 000,AZN,Dərnəgül m.,2 otaqlı,72 m²,4/10 mərtəbə
112 000,AZN,İnşaatçılar m.,2 otaqlı,40 m²,4/5 mərtəbə
228 000,AZN,Nəriman Nərimanov m.,3 otaqlı,97 m²,14/14 mərtəbə
165 000,AZN,28 May m.,2 otaqlı,55 m²,13/15 mərtəbə
145 000,AZN,Qara Qarayev m.,2 otaqlı,52 m²,15/17 mərtəbə
275 000,AZN,Elmlər Akademiyası m.,3 otaqlı,105 m²,17/18 mərtəbə
290 000,AZN,Şah İsmayıl Xətai m.,3 otaqlı,80 m²,10/15 mərtəbə
360 000,AZN,8 Noyabr m.,3 otaqlı,148 m²,8/27 mərtəbə
97 000,AZN,Memar Əcəmi m.,2 otaqlı,35 m²,4/5 mərtəbə
160 000,AZN,Nizami m.,2 otaqlı,50 m²,2/16 mərtəbə
429 999,AZN,Nərimanov r.,3 otaqlı,185 m²,5/17 mərtəbə
305 000,AZN,28 May m.,3 otaqlı,130 m²,16/17 mərtəbə
216 425,AZN,20 Yanvar m.,3 otaqlı,78.7 m²,3/20 mərtəbə
111 000,AZN,9-cu mikrorayon q.,1 otaqlı,42 m²,3/9 mərtəbə
467 725,AZN,Koroğlu m.,4 otaqlı,176.5 m²,3/16 mərtəbə
169 000,AZN,Şah İsmayıl Xətai m.,1 otaqlı,60 m²,12/16 mərtəbə
382 000,AZN,8 Noyabr m.,3 otaqlı,170 m²,10/18 mərtəbə
190 000,AZN,20 Yanvar m.,3 otaqlı,77 m²,3/20 mərtəbə
165 000,AZN,İnşaatçılar m.,2 otaqlı,84 m²,17/18 mərtəbə
106 000,AZN,Elmlər Akademiyası m.,2 otaqlı,56 m²,1/5 mərtəbə
565 000,AZN,28 May m.,4 otaqlı,195 m²,10/16 mərtəbə
285 000,AZN,Həzi Aslanov m.,3 otaqlı,126 m²,10/16 mərtəbə
289 000,AZN,Nərimanov r.,3 otaqlı,81 m²,9/17 mərtəbə
135 000,AZN,İnşaatçılar m.,3 otaqlı,68 m²,17/21 mərtəbə
168 000,AZN,Həzi Aslanov m.,2 otaqlı,65 m²,6/17 mərtəbə
214 500,AZN,28 May m.,2 otaqlı,70 m²,9/16 mərtəbə
118 000,AZN,20 Yanvar m.,2 otaqlı,43 m²,3/19 mərtəbə
289 000,AZN,Nərimanov r.,3 otaqlı,98 m²,8/19 mərtəbə
125 000,AZN,Biləcəri q.,3 otaqlı,85 m²,2/9 mərtəbə
162 000,AZN,Xətai r.,2 otaqlı,88.5 m²,12/17 mərtəbə
375 000,AZN,Elmlər Akademiyası m.,2 otaqlı,86 m²,12/17 mərtəbə
250 000,AZN,İçəri Şəhər m.,3 otaqlı,80 m²,4/4 mərtəbə
399 000,AZN,8 Noyabr m.,4 otaqlı,178 m²,7/27 mərtəbə
33 600,AZN,Masazır q.,2 otaqlı,49 m²,4/4 mərtəbə
236 000,AZN,İnşaatçılar m.,4 otaqlı,140 m²,6/16 mərtəbə
190 000,AZN,28 May m.,2 otaqlı,73 m²,4/12 mərtəbə
148 000,AZN,Memar Əcəmi m.,2 otaqlı,55 m²,10/16 mərtəbə
122 000,AZN,Elmlər Akademiyası m.,2 otaqlı,65 m²,2/5 mərtəbə
255 000,AZN,Həzi Aslanov m.,3 otaqlı,115 m²,10/17 mərtəbə
357 000,AZN,Nəriman Nərimanov m.,3 otaqlı,130.2 m²,4/17 mərtəbə
255 000,AZN,28 May m.,2 otaqlı,108 m²,5/15 mərtəbə
500 410,AZN,Nizami m.,3 otaqlı,163 m²,14/16 mərtəbə
249 900,AZN,Gənclik m.,3 otaqlı,90 m²,3/9 mərtəbə
110 000,AZN,Biləcəri q.,4 otaqlı,86 m²,5/5 mərtəbə
212 000,AZN,20 Yanvar m.,2 otaqlı,92 m²,7/19 mərtəbə
52 000,AZN,Binə q.,2 otaqlı,76.4 m²,2/4 mərtəbə
220 000,AZN,Yeni Yasamal q.,3 otaqlı,100 m²,6/12 mərtəbə
255 000,AZN,İnşaatçılar m.,3 otaqlı,110 m²,16/17 mərtəbə
205 000,AZN,Nəsimi r.,2 otaqlı,52 m²,4/16 mərtəbə
380 000,AZN,Elmlər Akademiyası m.,4 otaqlı,169 m²,6/12 mərtəbə
140 000,AZN,Nəriman Nərimanov m.,2 otaqlı,65 m²,15/16 mərtəbə
105 000,AZN,İnşaatçılar m.,1 otaqlı,38 m²,5/9 mərtəbə
163 000,AZN,Gənclik m.,2 otaqlı,60 m²,2/5 mərtəbə
77 500,AZN,Masazır q.,2 otaqlı,64 m²,4/8 mərtəbə
142 000,AZN,İnşaatçılar m.,2 otaqlı,45 m²,3/5 mərtəbə
730 000,AZN,Şah İsmayıl Xətai m.,4 otaqlı,185 m²,10/16 mərtəbə
159 000,AZN,Yasamal q.,2 otaqlı,60 m²,5/5 mərtəbə
250 000,AZN,Nəriman Nərimanov m.,4 otaqlı,127 m²,14/15 mərtəbə
347 000,AZN,Azadlıq Prospekti m.,4 otaqlı,170 m²,12/18 mərtəbə
330 000,AZN,Nəriman Nərimanov m.,3 otaqlı,137 m²,8/12 mərtəbə
450 000,AZN,Nəsimi r.,3 otaqlı,160 m²,8/17 mərtəbə
155 000,AZN,Bayıl q.,3 otaqlı,75 m²,5/7 mərtəbə
102 500,AZN,Yeni Yasamal q.,2 otaqlı,35 m²,7/9 mərtəbə
290 000,AZN,20 Yanvar m.,4 otaqlı,210 m²,2/16 mərtəbə
600 000,AZN,28 May m.,4 otaqlı,180 m²,7/18 mərtəbə
118 000,AZN,Avtovağzal m.,2 otaqlı,66.7 m²,6/16 mərtəbə
390 000,AZN,Nəriman Nərimanov m.,4 otaqlı,185 m²,5/21 mərtəbə
192 000,AZN,Nəriman Nərimanov m.,2 otaqlı,65 m²,14/16 mərtəbə
145 000,AZN,Əhmədli m.,3 otaqlı,75 m²,3/18 mərtəbə
166 000,AZN,28 May m.,2 otaqlı,53 m²,3/16 mərtəbə
465 000,AZN,Şah İsmayıl Xətai m.,4 otaqlı,214 m²,12/18 mərtəbə
289 000,AZN,Nəsimi r.,3 otaqlı,76 m²,16/20 mərtəbə
225 000,AZN,Qara Qarayev m.,3 otaqlı,83 m²,13/17 mərtəbə
205 000,AZN,Həzi Aslanov m.,3 otaqlı,100 m²,12/18 mərtəbə
210 000,AZN,20 Yanvar m.,2 otaqlı,80 m²,17/19 mərtəbə
310 000,AZN,20 Yanvar m.,3 otaqlı,130 m²,4/16 mərtəbə
155 000,AZN,Nizami r.,3 otaqlı,95 m²,10/18 mərtəbə
250 000,AZN,Bakıxanov q.,4 otaqlı,110 m²,3/5 mərtəbə
170 000,AZN,Avtovağzal m.,3 otaqlı,113 m²,8/15 mərtəbə
188 000,AZN,Qara Qarayev m.,3 otaqlı,78 m²,14/17 mərtəbə
159 000,AZN,Həzi Aslanov m.,2 otaqlı,76 m²,11/16 mərtəbə
125 000,AZN,Gənclik m.,2 otaqlı,35 m²,5/5 mərtəbə
295 000,AZN,Nizami m.,3 otaqlı,115 m²,14/16 mərtəbə
650 000,AZN,28 May m.,3 otaqlı,106 m²,6/25 mərtəbə
285 000,AZN,Nəriman Nərimanov m.,3 otaqlı,90 m²,15/18 mərtəbə
118 000,AZN,Avtovağzal m.,2 otaqlı,68.5 m²,5/15 mərtəbə
218 000,AZN,Neftçilər m.,2 otaqlı,98.3 m²,12/18 mərtəbə
125 000,AZN,Bakıxanov q.,3 otaqlı,60 m²,2/5 mərtəbə
138 000,AZN,Avtovağzal m.,2 otaqlı,89.1 m²,9/16 mərtəbə
230 000,AZN,Şah İsmayıl Xətai m.,3 otaqlı,102 m²,15/24 mərtəbə
110 000,AZN,Masazır q.,3 otaqlı,90 m²,3/7 mərtəbə
204 000,AZN,Yasamal r.,3 otaqlı,90 m²,9/9 mərtəbə
166 000,AZN,Bakıxanov q.,3 otaqlı,91 m²,12/14 mərtəbə
420 000,AZN,Elmlər Akademiyası m.,3 otaqlı,119.1 m²,11/18 mərtəbə
1 200 000,AZN,Gənclik m.,5 otaqlı,300 m²,4/9 mərtəbə
179 000,AZN,20 Yanvar m.,2 otaqlı,70 m²,4/16 mərtəbə